Darwin sjc22-bt151-3302c92d-901b-41a7-ba55-6482e839dcac-3EE91ED784CF.local 23.6.0 Darwin Kernel Version 23.6.0: Tue Jul 21 21:56:54 PDT 2026; root:xnu-10063.141.1.713.39~1/RELEASE_ARM64_VMAPPLE arm64
1f36432bfb5cb77a0773270f372d8f76cf15a16c
[32m==>[0m [1mDownloading bottle manifests[0m
✔︎ Bottle Manifest gcc (16.2.0)
✔︎ Bottle Manifest openblas (0.3.34)
[34m==>[0m [1mWould install 2 formulae:[0m
gcc openblas
[34m==>[0m [1mWould install 2 dependencies for openblas:[0m
gcc
libomp
[32m==>[0m [1mFetching downloads for: [32mgcc[39m and [32mopenblas[39m[0m
✔︎ Bottle Manifest libomp (23.1.0)
✔︎ Bottle libomp (23.1.0)
✔︎ Bottle openblas (0.3.34)
✔︎ Bottle gcc (16.2.0)
[34m==>[0m [1mPouring gcc--16.2.0.arm64_sonoma.bottle.tar.gz[0m
🍺  /opt/homebrew/Cellar/gcc/16.2.0: 1,707 files, 500.3MB
[32m==>[0m [1mInstalling openblas dependency: [32mlibomp[39m[0m
[34m==>[0m [1mPouring libomp--23.1.0.arm64_sonoma.bottle.tar.gz[0m
🍺  /opt/homebrew/Cellar/libomp/23.1.0: 11 files, 1.8MB
[32m==>[0m [1mInstalling [32mopenblas[39m[0m
[34m==>[0m [1mPouring openblas--0.3.34.arm64_sonoma.bottle.tar.gz[0m
🍺  /opt/homebrew/Cellar/openblas/0.3.34: 30 files, 40.3MB
[32m==>[0m [1mCaveats[0m
[34m==>[0m [1mopenblas[0m
openblas is keg-only, which means it was not symlinked into /opt/homebrew,
because macOS provides BLAS in Accelerate.framework.

For compilers to find openblas you may need to set:
  export LDFLAGS="-L/opt/homebrew/opt/openblas/lib"
  export CPPFLAGS="-I/opt/homebrew/opt/openblas/include"

For pkgconf to find openblas you may need to set:
  export PKG_CONFIG_PATH="/opt/homebrew/opt/openblas/lib/pkgconfig"

For cmake to find openblas you may need to set:
  export CMAKE_PREFIX_PATH="/opt/homebrew/opt/openblas"
GNU Fortran (Homebrew GCC 16.2.0) 16.2.0
Copyright (C) 2026 Free Software Foundation, Inc.
This is free software; see the source for copying conditions.  There is NO
warranty; not even for MERCHANTABILITY or FITNESS FOR A PARTICULAR PURPOSE.

cmake version 4.4.3

CMake suite maintained and supported by Kitware (kitware.com/cmake).
-- The Fortran compiler identification is GNU 16.2.0
-- Checking whether Fortran compiler has -isysroot
-- Checking whether Fortran compiler has -isysroot - no
-- Checking whether Fortran compiler supports OSX deployment target flag
-- Checking whether Fortran compiler supports OSX deployment target flag - no
-- Detecting Fortran compiler ABI info
-- Detecting Fortran compiler ABI info - done
-- Check for working Fortran compiler: /opt/homebrew/opt/gcc/bin/gfortran - skipped
-- Looking for Fortran sgemm
-- Looking for Fortran sgemm - not found
CMake Error at /opt/homebrew/share/cmake/Modules/FindPackageHandleStandardArgs.cmake:290 (message):
  Could NOT find BLAS (missing: BLAS_LIBRARIES)
Call Stack (most recent call first):
  /opt/homebrew/share/cmake/Modules/FindPackageHandleStandardArgs.cmake:654 (_FPHSA_FAILURE_MESSAGE)
  /opt/homebrew/share/cmake/Modules/FindBLAS.cmake:1509 (find_package_handle_standard_args)
  src/CMakeLists.txt:127 (find_package)


-- Configuring incomplete, errors occurred!

---
events:
  -
    kind: "find-v1"
    backtrace:
      - "/opt/homebrew/share/cmake/Modules/CMakeDetermineSystem.cmake:12 (find_program)"
      - "CMakeLists.txt:39 (project)"
    mode: "program"
    variable: "CMAKE_UNAME"
    description: "Path to a program."
    settings:
      SearchFramework: "FIRST"
      SearchAppBundle: "FIRST"
      CMAKE_FIND_USE_CMAKE_PATH: true
      CMAKE_FIND_USE_CMAKE_ENVIRONMENT_PATH: true
      CMAKE_FIND_USE_SYSTEM_ENVIRONMENT_PATH: true
      CMAKE_FIND_USE_CMAKE_SYSTEM_PATH: true
      CMAKE_FIND_USE_INSTALL_PREFIX: true
    names:
      - "uname"
    candidate_directories:
      - "/opt/homebrew/opt/openblas/bin/"
      - "/opt/homebrew/opt/openblas/sbin/"
      - "/opt/homebrew/opt/openblas/"
      - "/opt/homebrew/lib/ruby/gems/3.3.0/bin/"
      - "/opt/homebrew/opt/ruby@3.3/bin/"
      - "/Users/runner/.local/bin/"
      - "/opt/homebrew/bin/"
      - "/opt/homebrew/sbin/"
      - "/Users/runner/.cargo/bin/"
      - "/usr/local/opt/curl/bin/"
      - "/usr/local/bin/"
      - "/usr/local/sbin/"
      - "/Users/runner/bin/"
      - "/Users/runner/.yarn/bin/"
      - "/Users/runner/Library/Android/sdk/tools/"
      - "/Users/runner/Library/Android/sdk/platform-tools/"
      - "/Library/Frameworks/Python.framework/Versions/Current/bin/"
      - "/Library/Frameworks/Mono.framework/Versions/Current/Commands/"
      - "/usr/bin/"
      - "/bin/"
      - "/usr/sbin/"
      - "/sbin/"
      - "/Users/runner/.dotnet/tools/"
    searched_directories:
      - "/opt/homebrew/opt/openblas/bin/uname"
      - "/opt/homebrew/opt/openblas/sbin/uname"
      - "/opt/homebrew/opt/openblas/uname"
      - "/opt/homebrew/lib/ruby/gems/3.3.0/bin/uname"
      - "/opt/homebrew/opt/ruby@3.3/bin/uname"
      - "/Users/runner/.local/bin/uname"
      - "/opt/homebrew/bin/uname"
      - "/opt/homebrew/sbin/uname"
      - "/Users/runner/.cargo/bin/uname"
      - "/usr/local/opt/curl/bin/uname"
      - "/usr/local/bin/uname"
      - "/usr/local/sbin/uname"
      - "/Users/runner/bin/uname"
      - "/Users/runner/.yarn/bin/uname"
      - "/Users/runner/Library/Android/sdk/tools/uname"
      - "/Users/runner/Library/Android/sdk/platform-tools/uname"
      - "/Library/Frameworks/Python.framework/Versions/Current/bin/uname"
      - "/Library/Frameworks/Mono.framework/Versions/Current/Commands/uname"
    found: "/usr/bin/uname"
    search_context:
      CMAKE_PREFIX_PATH:
        - "/opt/homebrew/opt/openblas"
      ENV{PATH}:
        - "/opt/homebrew/lib/ruby/gems/3.3.0/bin"
        - "/opt/homebrew/opt/ruby@3.3/bin"
        - "/Users/runner/.local/bin"
        - "/opt/homebrew/bin"
        - "/opt/homebrew/sbin"
        - "/Users/runner/.cargo/bin"
        - "/usr/local/opt/curl/bin"
        - "/usr/local/bin"
        - "/usr/local/sbin"
        - "/Users/runner/bin"
        - "/Users/runner/.yarn/bin"
        - "/Users/runner/Library/Android/sdk/tools"
        - "/Users/runner/Library/Android/sdk/platform-tools"
        - "/Library/Frameworks/Python.framework/Versions/Current/bin"
        - "/Library/Frameworks/Mono.framework/Versions/Current/Commands"
        - "/usr/bin"
        - "/bin"
        - "/usr/sbin"
        - "/sbin"
        - "/Users/runner/.dotnet/tools"
  -
    kind: "message-v1"
    backtrace:
      - "/opt/homebrew/share/cmake/Modules/CMakeDetermineSystem.cmake:218 (message)"
      - "CMakeLists.txt:39 (project)"
    message: |
      The system is: Darwin - 23.6.0 - arm64
  -
    kind: "find-v1"
    backtrace:
      - "/opt/homebrew/share/cmake/Modules/CMakeUnixFindMake.cmake:5 (find_program)"
      - "CMakeLists.txt:39 (project)"
    mode: "program"
    variable: "CMAKE_MAKE_PROGRAM"
    description: "Path to a program."
    settings:
      SearchFramework: "FIRST"
      SearchAppBundle: "FIRST"
      CMAKE_FIND_USE_CMAKE_PATH: true
      CMAKE_FIND_USE_CMAKE_ENVIRONMENT_PATH: true
      CMAKE_FIND_USE_SYSTEM_ENVIRONMENT_PATH: true
      CMAKE_FIND_USE_CMAKE_SYSTEM_PATH: true
      CMAKE_FIND_USE_INSTALL_PREFIX: true
    names:
      - "gmake"
      - "make"
      - "smake"
    candidate_directories:
      - "/opt/homebrew/opt/openblas/bin/"
      - "/opt/homebrew/opt/openblas/sbin/"
      - "/opt/homebrew/opt/openblas/"
      - "/opt/homebrew/lib/ruby/gems/3.3.0/bin/"
      - "/opt/homebrew/opt/ruby@3.3/bin/"
      - "/Users/runner/.local/bin/"
      - "/opt/homebrew/bin/"
      - "/opt/homebrew/sbin/"
      - "/Users/runner/.cargo/bin/"
      - "/usr/local/opt/curl/bin/"
      - "/usr/local/bin/"
      - "/usr/local/sbin/"
      - "/Users/runner/bin/"
      - "/Users/runner/.yarn/bin/"
      - "/Users/runner/Library/Android/sdk/tools/"
      - "/Users/runner/Library/Android/sdk/platform-tools/"
      - "/Library/Frameworks/Python.framework/Versions/Current/bin/"
      - "/Library/Frameworks/Mono.framework/Versions/Current/Commands/"
      - "/usr/bin/"
      - "/bin/"
      - "/usr/sbin/"
      - "/sbin/"
      - "/Users/runner/.dotnet/tools/"
    searched_directories:
      - "/opt/homebrew/opt/openblas/bin/gmake"
      - "/opt/homebrew/opt/openblas/sbin/gmake"
      - "/opt/homebrew/opt/openblas/gmake"
      - "/opt/homebrew/lib/ruby/gems/3.3.0/bin/gmake"
      - "/opt/homebrew/opt/ruby@3.3/bin/gmake"
      - "/Users/runner/.local/bin/gmake"
      - "/opt/homebrew/bin/gmake"
      - "/opt/homebrew/sbin/gmake"
      - "/Users/runner/.cargo/bin/gmake"
      - "/usr/local/opt/curl/bin/gmake"
      - "/usr/local/bin/gmake"
      - "/usr/local/sbin/gmake"
      - "/Users/runner/bin/gmake"
      - "/Users/runner/.yarn/bin/gmake"
      - "/Users/runner/Library/Android/sdk/tools/gmake"
      - "/Users/runner/Library/Android/sdk/platform-tools/gmake"
      - "/Library/Frameworks/Python.framework/Versions/Current/bin/gmake"
      - "/Library/Frameworks/Mono.framework/Versions/Current/Commands/gmake"
      - "/usr/bin/gmake"
      - "/bin/gmake"
      - "/usr/sbin/gmake"
      - "/sbin/gmake"
      - "/Users/runner/.dotnet/tools/gmake"
      - "/opt/homebrew/opt/openblas/bin/make"
      - "/opt/homebrew/opt/openblas/sbin/make"
      - "/opt/homebrew/opt/openblas/make"
      - "/opt/homebrew/lib/ruby/gems/3.3.0/bin/make"
      - "/opt/homebrew/opt/ruby@3.3/bin/make"
      - "/Users/runner/.local/bin/make"
      - "/opt/homebrew/bin/make"
      - "/opt/homebrew/sbin/make"
      - "/Users/runner/.cargo/bin/make"
      - "/usr/local/opt/curl/bin/make"
      - "/usr/local/bin/make"
      - "/usr/local/sbin/make"
      - "/Users/runner/bin/make"
      - "/Users/runner/.yarn/bin/make"
      - "/Users/runner/Library/Android/sdk/tools/make"
      - "/Users/runner/Library/Android/sdk/platform-tools/make"
      - "/Library/Frameworks/Python.framework/Versions/Current/bin/make"
      - "/Library/Frameworks/Mono.framework/Versions/Current/Commands/make"
    found: "/usr/bin/make"
    search_context:
      CMAKE_PREFIX_PATH:
        - "/opt/homebrew/opt/openblas"
      ENV{PATH}:
        - "/opt/homebrew/lib/ruby/gems/3.3.0/bin"
        - "/opt/homebrew/opt/ruby@3.3/bin"
        - "/Users/runner/.local/bin"
        - "/opt/homebrew/bin"
        - "/opt/homebrew/sbin"
        - "/Users/runner/.cargo/bin"
        - "/usr/local/opt/curl/bin"
        - "/usr/local/bin"
        - "/usr/local/sbin"
        - "/Users/runner/bin"
        - "/Users/runner/.yarn/bin"
        - "/Users/runner/Library/Android/sdk/tools"
        - "/Users/runner/Library/Android/sdk/platform-tools"
        - "/Library/Frameworks/Python.framework/Versions/Current/bin"
        - "/Library/Frameworks/Mono.framework/Versions/Current/Commands"
        - "/usr/bin"
        - "/bin"
        - "/usr/sbin"
        - "/sbin"
        - "/Users/runner/.dotnet/tools"
  -
    kind: "find-v1"
    backtrace:
      - "/opt/homebrew/share/cmake/Modules/CMakeDetermineCompilerId.cmake:501 (find_file)"
      - "/opt/homebrew/share/cmake/Modules/CMakeDetermineCompilerId.cmake:538 (CMAKE_DETERMINE_COMPILER_ID_WRITE)"
      - "/opt/homebrew/share/cmake/Modules/CMakeDetermineCompilerId.cmake:8 (CMAKE_DETERMINE_COMPILER_ID_BUILD)"
      - "/opt/homebrew/share/cmake/Modules/CMakeDetermineCompilerId.cmake:64 (__determine_compiler_id_test)"
      - "/opt/homebrew/share/cmake/Modules/CMakeDetermineFortranCompiler.cmake:193 (CMAKE_DETERMINE_COMPILER_ID)"
      - "CMakeLists.txt:39 (project)"
    mode: "file"
    variable: "src_in"
    description: "Path to a file."
    settings:
      SearchFramework: "FIRST"
      SearchAppBundle: "FIRST"
      CMAKE_FIND_USE_CMAKE_PATH: true
      CMAKE_FIND_USE_CMAKE_ENVIRONMENT_PATH: true
      CMAKE_FIND_USE_SYSTEM_ENVIRONMENT_PATH: true
      CMAKE_FIND_USE_CMAKE_SYSTEM_PATH: true
      CMAKE_FIND_USE_INSTALL_PREFIX: true
    names:
      - "CMakeFortranCompilerId.F.in"
    candidate_directories:
      - "/opt/homebrew/share/cmake/Modules/"
    found: "/opt/homebrew/share/cmake/Modules/CMakeFortranCompilerId.F.in"
    search_context:
      CMAKE_PREFIX_PATH:
        - "/opt/homebrew/opt/openblas"
      ENV{PATH}:
        - "/opt/homebrew/lib/ruby/gems/3.3.0/bin"
        - "/opt/homebrew/opt/ruby@3.3/bin"
        - "/Users/runner/.local/bin"
        - "/opt/homebrew/bin"
        - "/opt/homebrew/sbin"
        - "/Users/runner/.cargo/bin"
        - "/usr/local/opt/curl/bin"
        - "/usr/local/bin"
        - "/usr/local/sbin"
        - "/Users/runner/bin"
        - "/Users/runner/.yarn/bin"
        - "/Users/runner/Library/Android/sdk/tools"
        - "/Users/runner/Library/Android/sdk/platform-tools"
        - "/Library/Frameworks/Python.framework/Versions/Current/bin"
        - "/Library/Frameworks/Mono.framework/Versions/Current/Commands"
        - "/usr/bin"
        - "/bin"
        - "/usr/sbin"
        - "/sbin"
        - "/Users/runner/.dotnet/tools"
  -
    kind: "message-v1"
    backtrace:
      - "/opt/homebrew/share/cmake/Modules/CMakeDetermineCompilerId.cmake:17 (message)"
      - "/opt/homebrew/share/cmake/Modules/CMakeDetermineCompilerId.cmake:64 (__determine_compiler_id_test)"
      - "/opt/homebrew/share/cmake/Modules/CMakeDetermineFortranCompiler.cmake:193 (CMAKE_DETERMINE_COMPILER_ID)"
      - "CMakeLists.txt:39 (project)"
    message: |
      Compiling the Fortran compiler identification source file "CMakeFortranCompilerId.F" succeeded.
      Compiler: /opt/homebrew/opt/gcc/bin/gfortran 
      Build flags: 
      Id flags: -v 
      
      The output was:
      0
      Driving: /opt/homebrew/opt/gcc/bin/gfortran -v CMakeFortranCompilerId.F -mmacosx-version-min=14.0.0 -asm_macosx_version_min=14.0 -nodefaultexport -l gfortran
      Using built-in specs.
      COLLECT_GCC=/opt/homebrew/opt/gcc/bin/gfortran
      COLLECT_LTO_WRAPPER=/opt/homebrew/Cellar/gcc/16.2.0/bin/../libexec/gcc/aarch64-apple-darwin23/16/lto-wrapper
      Target: aarch64-apple-darwin23
      Configured with: ../configure --prefix=/opt/homebrew/opt/gcc --libdir=/opt/homebrew/opt/gcc/lib/gcc/current --disable-nls --enable-checking=release --with-gcc-major-version-only --enable-languages=c,c++,objc,obj-c++,fortran --program-suffix=-16 --with-gmp=/opt/homebrew/opt/gmp --with-mpfr=/opt/homebrew/opt/mpfr --with-mpc=/opt/homebrew/opt/libmpc --with-isl=/opt/homebrew/opt/isl --with-zstd=/opt/homebrew/opt/zstd --with-pkgversion='Homebrew GCC 16.2.0' --with-bugurl=https://github.com/Homebrew/homebrew-core/issues --with-system-zlib --build=aarch64-apple-darwin23 --with-sysroot=/Library/Developer/CommandLineTools/SDKs/MacOSX14.sdk
      Thread model: posix
      Supported LTO compression algorithms: zlib zstd
      gcc version 16.2.0 (Homebrew GCC 16.2.0) 
      COLLECT_GCC_OPTIONS='-v' '-mmacosx-version-min=14.0.0' '-asm_macosx_version_min=14.0' '-nodefaultexport' '-mcpu=apple-m1' '-mlittle-endian' '-mabi=lp64' '-dumpdir' 'a-'
       /opt/homebrew/Cellar/gcc/16.2.0/bin/../libexec/gcc/aarch64-apple-darwin23/16/f951 CMakeFortranCompilerId.F -ffixed-form -cpp=/var/folders/s6/5hzmn6lx4dz5nxs7k_0slzph0000gn/T//cc47uufd.fi -quiet -v -iprefix /opt/homebrew/Cellar/gcc/16.2.0/bin/../lib/gcc/current/gcc/aarch64-apple-darwin23/16/ -D__DYNAMIC__ CMakeFortranCompilerId.F -fPIC -quiet -dumpdir a- -dumpbase CMakeFortranCompilerId.F -dumpbase-ext .F -mmacosx-version-min=14.0.0 -mcpu=apple-m1 -mlittle-endian -mabi=lp64 -version -fintrinsic-modules-path /opt/homebrew/Cellar/gcc/16.2.0/bin/../lib/gcc/current/gcc/aarch64-apple-darwin23/16/finclude -o /var/folders/s6/5hzmn6lx4dz5nxs7k_0slzph0000gn/T//ccCGwsgw.s
      GNU Fortran (Homebrew GCC 16.2.0) version 16.2.0 (aarch64-apple-darwin23)
      	compiled by GNU C version 16.2.0, GMP version 6.3.0, MPFR version 4.2.2, MPC version 1.4.1, isl version isl-0.28-GMP
      
      GGC heuristics: --param ggc-min-expand=100 --param ggc-min-heapsize=131072
      ignoring nonexistent directory "/opt/homebrew/Cellar/gcc/16.2.0/bin/../lib/gcc/current/gcc/aarch64-apple-darwin23/16/../../../../../../aarch64-apple-darwin23/include"
      ignoring duplicate directory "/opt/homebrew/Cellar/gcc/16.2.0/bin/../lib/gcc/current/gcc/../../../../lib/gcc/current/gcc/aarch64-apple-darwin23/16/include"
      ignoring nonexistent directory "/Library/Developer/CommandLineTools/SDKs/MacOSX14.sdk/usr/local/include"
      ignoring duplicate directory "/opt/homebrew/Cellar/gcc/16.2.0/bin/../lib/gcc/current/gcc/../../../../lib/gcc/current/gcc/aarch64-apple-darwin23/16/include-fixed"
      ignoring nonexistent directory "/opt/homebrew/Cellar/gcc/16.2.0/bin/../lib/gcc/current/gcc/../../../../lib/gcc/current/gcc/aarch64-apple-darwin23/16/../../../../../../aarch64-apple-darwin23/include"
      #include "..." search starts here:
      #include <...> search starts here:
       /opt/homebrew/Cellar/gcc/16.2.0/bin/../lib/gcc/current/gcc/aarch64-apple-darwin23/16/finclude
       /opt/homebrew/Cellar/gcc/16.2.0/bin/../lib/gcc/current/gcc/aarch64-apple-darwin23/16/include
       /opt/homebrew/Cellar/gcc/16.2.0/bin/../lib/gcc/current/gcc/aarch64-apple-darwin23/16/include-fixed
       /Library/Developer/CommandLineTools/SDKs/MacOSX14.sdk/usr/include
      End of search list.
      COLLECT_GCC_OPTIONS='-v' '-mmacosx-version-min=14.0.0'  '-nodefaultexport' '-mcpu=apple-m1' '-mlittle-endian' '-mabi=lp64' '-dumpdir' 'a-'
       as -arch arm64 -v -mmacosx-version-min=14.0 -o /var/folders/s6/5hzmn6lx4dz5nxs7k_0slzph0000gn/T//ccFD6bxP.o /var/folders/s6/5hzmn6lx4dz5nxs7k_0slzph0000gn/T//ccCGwsgw.s
      Apple clang version 15.0.0 (clang-1500.3.9.4)
      Target: arm64-apple-darwin23.6.0
      Thread model: posix
      InstalledDir: /Applications/Xcode_15.4.app/Contents/Developer/Toolchains/XcodeDefault.xctoolchain/usr/bin
       "/Applications/Xcode_15.4.app/Contents/Developer/Toolchains/XcodeDefault.xctoolchain/usr/bin/clang" -cc1as -triple arm64-apple-macosx14.0.0 -filetype obj -main-file-name ccCGwsgw.s -target-cpu apple-m1 -target-feature +v8.5a -target-feature +crc -target-feature +lse -target-feature +rdm -target-feature +crypto -target-feature +dotprod -target-feature +fp-armv8 -target-feature +neon -target-feature +fp16fml -target-feature +ras -target-feature +rcpc -target-feature +zcm -target-feature +zcz -target-feature +fullfp16 -target-feature +sm4 -target-feature +sha3 -target-feature +sha2 -target-feature +aes -fdebug-compilation-dir=/Users/runner/work/aenet/aenet/build-l4/CMakeFiles/4.4.3/CompilerIdFortran -dwarf-debug-producer "Apple clang version 15.0.0 (clang-1500.3.9.4)" -dwarf-version=4 -mrelocation-model pic --mrelax-relocations -mllvm -disable-aligned-alloc-awareness=1 -o /var/folders/s6/5hzmn6lx4dz5nxs7k_0slzph0000gn/T//ccFD6bxP.o /var/folders/s6/5hzmn6lx4dz5nxs7k_0slzph0000gn/T//ccCGwsgw.s
      Reading specs from /opt/homebrew/Cellar/gcc/16.2.0/bin/../lib/gcc/current/gcc/aarch64-apple-darwin23/16/../../../libgfortran.spec
      rename spec lib to liborig
      COLLECT_GCC_OPTIONS='-v' '-mmacosx-version-min=14.0.0'  '-nodefaultexport' '-mcpu=apple-m1' '-mlittle-endian' '-mabi=lp64' '-dumpdir' 'a-'
      COMPILER_PATH=/opt/homebrew/Cellar/gcc/16.2.0/bin/../libexec/gcc/aarch64-apple-darwin23/16/:/opt/homebrew/Cellar/gcc/16.2.0/bin/../libexec/gcc/
      LIBRARY_PATH=/opt/homebrew/Cellar/gcc/16.2.0/bin/../lib/gcc/current/gcc/aarch64-apple-darwin23/16/:/opt/homebrew/Cellar/gcc/16.2.0/bin/../lib/gcc/current/gcc/:/opt/homebrew/Cellar/gcc/16.2.0/bin/../lib/gcc/current/gcc/aarch64-apple-darwin23/16/../../../
      COLLECT_GCC_OPTIONS='-v' '-mmacosx-version-min=14.0.0'  '-nodefaultexport' '-mcpu=apple-m1' '-mlittle-endian' '-mabi=lp64' '-dumpdir' 'a.'
       /opt/homebrew/Cellar/gcc/16.2.0/bin/../libexec/gcc/aarch64-apple-darwin23/16/collect2 -demangle -no_deduplicate -dynamic -arch arm64 -macos_version_min 14.0.0 -syslibroot /Library/Developer/CommandLineTools/SDKs/MacOSX14.sdk/ -o a.out -L/opt/homebrew/Cellar/gcc/16.2.0/bin/../lib/gcc/current/gcc/aarch64-apple-darwin23/16 -L/opt/homebrew/Cellar/gcc/16.2.0/bin/../lib/gcc/current/gcc -L/opt/homebrew/Cellar/gcc/16.2.0/bin/../lib/gcc/current/gcc/aarch64-apple-darwin23/16/../../.. -lemutls_w -lheapt_w /var/folders/s6/5hzmn6lx4dz5nxs7k_0slzph0000gn/T//ccFD6bxP.o -lgfortran -lgcc -lquadmath -lSystem -no_compact_unwind -rpath @loader_path -rpath /opt/homebrew/Cellar/gcc/16.2.0/lib/gcc/current/gcc/aarch64-apple-darwin23/16 -rpath /opt/homebrew/Cellar/gcc/16.2.0/lib/gcc/current/gcc -rpath /opt/homebrew/Cellar/gcc/16.2.0/lib/gcc/current
      
      
      Compilation of the Fortran compiler identification source "CMakeFortranCompilerId.F" produced "a.out"
      
      The Fortran compiler identification is GNU, found in:
        /Users/runner/work/aenet/aenet/build-l4/CMakeFiles/4.4.3/CompilerIdFortran/a.out
      
  -
    kind: "find-v1"
    backtrace:
      - "/opt/homebrew/share/cmake/Modules/CMakeFindBinUtils.cmake:247 (find_program)"
      - "/opt/homebrew/share/cmake/Modules/CMakeDetermineFortranCompiler.cmake:316 (include)"
      - "CMakeLists.txt:39 (project)"
    mode: "program"
    variable: "CMAKE_AR"
    description: "Path to a program."
    settings:
      SearchFramework: "FIRST"
      SearchAppBundle: "FIRST"
      CMAKE_FIND_USE_CMAKE_PATH: false
      CMAKE_FIND_USE_CMAKE_ENVIRONMENT_PATH: false
      CMAKE_FIND_USE_SYSTEM_ENVIRONMENT_PATH: true
      CMAKE_FIND_USE_CMAKE_SYSTEM_PATH: true
      CMAKE_FIND_USE_INSTALL_PREFIX: true
    names:
      - "ar"
    candidate_directories:
      - "/opt/homebrew/opt/gcc/bin/"
      - "/opt/homebrew/lib/ruby/gems/3.3.0/bin/"
      - "/opt/homebrew/opt/ruby@3.3/bin/"
      - "/Users/runner/.local/bin/"
      - "/opt/homebrew/bin/"
      - "/opt/homebrew/sbin/"
      - "/Users/runner/.cargo/bin/"
      - "/usr/local/opt/curl/bin/"
      - "/usr/local/bin/"
      - "/usr/local/sbin/"
      - "/Users/runner/bin/"
      - "/Users/runner/.yarn/bin/"
      - "/Users/runner/Library/Android/sdk/tools/"
      - "/Users/runner/Library/Android/sdk/platform-tools/"
      - "/Library/Frameworks/Python.framework/Versions/Current/bin/"
      - "/Library/Frameworks/Mono.framework/Versions/Current/Commands/"
      - "/usr/bin/"
      - "/bin/"
      - "/usr/sbin/"
      - "/sbin/"
      - "/Users/runner/.dotnet/tools/"
    searched_directories:
      - "/opt/homebrew/opt/gcc/bin/ar"
      - "/opt/homebrew/lib/ruby/gems/3.3.0/bin/ar"
      - "/opt/homebrew/opt/ruby@3.3/bin/ar"
      - "/Users/runner/.local/bin/ar"
      - "/opt/homebrew/bin/ar"
      - "/opt/homebrew/sbin/ar"
      - "/Users/runner/.cargo/bin/ar"
      - "/usr/local/opt/curl/bin/ar"
      - "/usr/local/bin/ar"
      - "/usr/local/sbin/ar"
      - "/Users/runner/bin/ar"
      - "/Users/runner/.yarn/bin/ar"
      - "/Users/runner/Library/Android/sdk/tools/ar"
      - "/Users/runner/Library/Android/sdk/platform-tools/ar"
      - "/Library/Frameworks/Python.framework/Versions/Current/bin/ar"
      - "/Library/Frameworks/Mono.framework/Versions/Current/Commands/ar"
    found: "/usr/bin/ar"
    search_context:
      CMAKE_PREFIX_PATH:
        - "/opt/homebrew/opt/openblas"
      ENV{PATH}:
        - "/opt/homebrew/lib/ruby/gems/3.3.0/bin"
        - "/opt/homebrew/opt/ruby@3.3/bin"
        - "/Users/runner/.local/bin"
        - "/opt/homebrew/bin"
        - "/opt/homebrew/sbin"
        - "/Users/runner/.cargo/bin"
        - "/usr/local/opt/curl/bin"
        - "/usr/local/bin"
        - "/usr/local/sbin"
        - "/Users/runner/bin"
        - "/Users/runner/.yarn/bin"
        - "/Users/runner/Library/Android/sdk/tools"
        - "/Users/runner/Library/Android/sdk/platform-tools"
        - "/Library/Frameworks/Python.framework/Versions/Current/bin"
        - "/Library/Frameworks/Mono.framework/Versions/Current/Commands"
        - "/usr/bin"
        - "/bin"
        - "/usr/sbin"
        - "/sbin"
        - "/Users/runner/.dotnet/tools"
  -
    kind: "find-v1"
    backtrace:
      - "/opt/homebrew/share/cmake/Modules/CMakeFindBinUtils.cmake:247 (find_program)"
      - "/opt/homebrew/share/cmake/Modules/CMakeDetermineFortranCompiler.cmake:316 (include)"
      - "CMakeLists.txt:39 (project)"
    mode: "program"
    variable: "CMAKE_RANLIB"
    description: "Path to a program."
    settings:
      SearchFramework: "FIRST"
      SearchAppBundle: "FIRST"
      CMAKE_FIND_USE_CMAKE_PATH: false
      CMAKE_FIND_USE_CMAKE_ENVIRONMENT_PATH: false
      CMAKE_FIND_USE_SYSTEM_ENVIRONMENT_PATH: true
      CMAKE_FIND_USE_CMAKE_SYSTEM_PATH: true
      CMAKE_FIND_USE_INSTALL_PREFIX: true
    names:
      - "ranlib"
    candidate_directories:
      - "/opt/homebrew/opt/gcc/bin/"
      - "/opt/homebrew/lib/ruby/gems/3.3.0/bin/"
      - "/opt/homebrew/opt/ruby@3.3/bin/"
      - "/Users/runner/.local/bin/"
      - "/opt/homebrew/bin/"
      - "/opt/homebrew/sbin/"
      - "/Users/runner/.cargo/bin/"
      - "/usr/local/opt/curl/bin/"
      - "/usr/local/bin/"
      - "/usr/local/sbin/"
      - "/Users/runner/bin/"
      - "/Users/runner/.yarn/bin/"
      - "/Users/runner/Library/Android/sdk/tools/"
      - "/Users/runner/Library/Android/sdk/platform-tools/"
      - "/Library/Frameworks/Python.framework/Versions/Current/bin/"
      - "/Library/Frameworks/Mono.framework/Versions/Current/Commands/"
      - "/usr/bin/"
      - "/bin/"
      - "/usr/sbin/"
      - "/sbin/"
      - "/Users/runner/.dotnet/tools/"
    searched_directories:
      - "/opt/homebrew/opt/gcc/bin/ranlib"
      - "/opt/homebrew/lib/ruby/gems/3.3.0/bin/ranlib"
      - "/opt/homebrew/opt/ruby@3.3/bin/ranlib"
      - "/Users/runner/.local/bin/ranlib"
      - "/opt/homebrew/bin/ranlib"
      - "/opt/homebrew/sbin/ranlib"
      - "/Users/runner/.cargo/bin/ranlib"
      - "/usr/local/opt/curl/bin/ranlib"
      - "/usr/local/bin/ranlib"
      - "/usr/local/sbin/ranlib"
      - "/Users/runner/bin/ranlib"
      - "/Users/runner/.yarn/bin/ranlib"
      - "/Users/runner/Library/Android/sdk/tools/ranlib"
      - "/Users/runner/Library/Android/sdk/platform-tools/ranlib"
      - "/Library/Frameworks/Python.framework/Versions/Current/bin/ranlib"
      - "/Library/Frameworks/Mono.framework/Versions/Current/Commands/ranlib"
    found: "/usr/bin/ranlib"
    search_context:
      CMAKE_PREFIX_PATH:
        - "/opt/homebrew/opt/openblas"
      ENV{PATH}:
        - "/opt/homebrew/lib/ruby/gems/3.3.0/bin"
        - "/opt/homebrew/opt/ruby@3.3/bin"
        - "/Users/runner/.local/bin"
        - "/opt/homebrew/bin"
        - "/opt/homebrew/sbin"
        - "/Users/runner/.cargo/bin"
        - "/usr/local/opt/curl/bin"
        - "/usr/local/bin"
        - "/usr/local/sbin"
        - "/Users/runner/bin"
        - "/Users/runner/.yarn/bin"
        - "/Users/runner/Library/Android/sdk/tools"
        - "/Users/runner/Library/Android/sdk/platform-tools"
        - "/Library/Frameworks/Python.framework/Versions/Current/bin"
        - "/Library/Frameworks/Mono.framework/Versions/Current/Commands"
        - "/usr/bin"
        - "/bin"
        - "/usr/sbin"
        - "/sbin"
        - "/Users/runner/.dotnet/tools"
  -
    kind: "find-v1"
    backtrace:
      - "/opt/homebrew/share/cmake/Modules/CMakeFindBinUtils.cmake:247 (find_program)"
      - "/opt/homebrew/share/cmake/Modules/CMakeDetermineFortranCompiler.cmake:316 (include)"
      - "CMakeLists.txt:39 (project)"
    mode: "program"
    variable: "CMAKE_STRIP"
    description: "Path to a program."
    settings:
      SearchFramework: "FIRST"
      SearchAppBundle: "FIRST"
      CMAKE_FIND_USE_CMAKE_PATH: false
      CMAKE_FIND_USE_CMAKE_ENVIRONMENT_PATH: false
      CMAKE_FIND_USE_SYSTEM_ENVIRONMENT_PATH: true
      CMAKE_FIND_USE_CMAKE_SYSTEM_PATH: true
      CMAKE_FIND_USE_INSTALL_PREFIX: true
    names:
      - "strip"
    candidate_directories:
      - "/opt/homebrew/opt/gcc/bin/"
      - "/opt/homebrew/lib/ruby/gems/3.3.0/bin/"
      - "/opt/homebrew/opt/ruby@3.3/bin/"
      - "/Users/runner/.local/bin/"
      - "/opt/homebrew/bin/"
      - "/opt/homebrew/sbin/"
      - "/Users/runner/.cargo/bin/"
      - "/usr/local/opt/curl/bin/"
      - "/usr/local/bin/"
      - "/usr/local/sbin/"
      - "/Users/runner/bin/"
      - "/Users/runner/.yarn/bin/"
      - "/Users/runner/Library/Android/sdk/tools/"
      - "/Users/runner/Library/Android/sdk/platform-tools/"
      - "/Library/Frameworks/Python.framework/Versions/Current/bin/"
      - "/Library/Frameworks/Mono.framework/Versions/Current/Commands/"
      - "/usr/bin/"
      - "/bin/"
      - "/usr/sbin/"
      - "/sbin/"
      - "/Users/runner/.dotnet/tools/"
    searched_directories:
      - "/opt/homebrew/opt/gcc/bin/strip"
      - "/opt/homebrew/lib/ruby/gems/3.3.0/bin/strip"
      - "/opt/homebrew/opt/ruby@3.3/bin/strip"
      - "/Users/runner/.local/bin/strip"
      - "/opt/homebrew/bin/strip"
      - "/opt/homebrew/sbin/strip"
      - "/Users/runner/.cargo/bin/strip"
      - "/usr/local/opt/curl/bin/strip"
      - "/usr/local/bin/strip"
      - "/usr/local/sbin/strip"
      - "/Users/runner/bin/strip"
      - "/Users/runner/.yarn/bin/strip"
      - "/Users/runner/Library/Android/sdk/tools/strip"
      - "/Users/runner/Library/Android/sdk/platform-tools/strip"
      - "/Library/Frameworks/Python.framework/Versions/Current/bin/strip"
      - "/Library/Frameworks/Mono.framework/Versions/Current/Commands/strip"
    found: "/usr/bin/strip"
    search_context:
      CMAKE_PREFIX_PATH:
        - "/opt/homebrew/opt/openblas"
      ENV{PATH}:
        - "/opt/homebrew/lib/ruby/gems/3.3.0/bin"
        - "/opt/homebrew/opt/ruby@3.3/bin"
        - "/Users/runner/.local/bin"
        - "/opt/homebrew/bin"
        - "/opt/homebrew/sbin"
        - "/Users/runner/.cargo/bin"
        - "/usr/local/opt/curl/bin"
        - "/usr/local/bin"
        - "/usr/local/sbin"
        - "/Users/runner/bin"
        - "/Users/runner/.yarn/bin"
        - "/Users/runner/Library/Android/sdk/tools"
        - "/Users/runner/Library/Android/sdk/platform-tools"
        - "/Library/Frameworks/Python.framework/Versions/Current/bin"
        - "/Library/Frameworks/Mono.framework/Versions/Current/Commands"
        - "/usr/bin"
        - "/bin"
        - "/usr/sbin"
        - "/sbin"
        - "/Users/runner/.dotnet/tools"
  -
    kind: "find-v1"
    backtrace:
      - "/opt/homebrew/share/cmake/Modules/CMakeFindBinUtils.cmake:247 (find_program)"
      - "/opt/homebrew/share/cmake/Modules/CMakeDetermineFortranCompiler.cmake:316 (include)"
      - "CMakeLists.txt:39 (project)"
    mode: "program"
    variable: "CMAKE_LINKER"
    description: "Path to a program."
    settings:
      SearchFramework: "FIRST"
      SearchAppBundle: "FIRST"
      CMAKE_FIND_USE_CMAKE_PATH: false
      CMAKE_FIND_USE_CMAKE_ENVIRONMENT_PATH: false
      CMAKE_FIND_USE_SYSTEM_ENVIRONMENT_PATH: true
      CMAKE_FIND_USE_CMAKE_SYSTEM_PATH: true
      CMAKE_FIND_USE_INSTALL_PREFIX: true
    names:
      - "ld"
    candidate_directories:
      - "/opt/homebrew/opt/gcc/bin/"
      - "/opt/homebrew/lib/ruby/gems/3.3.0/bin/"
      - "/opt/homebrew/opt/ruby@3.3/bin/"
      - "/Users/runner/.local/bin/"
      - "/opt/homebrew/bin/"
      - "/opt/homebrew/sbin/"
      - "/Users/runner/.cargo/bin/"
      - "/usr/local/opt/curl/bin/"
      - "/usr/local/bin/"
      - "/usr/local/sbin/"
      - "/Users/runner/bin/"
      - "/Users/runner/.yarn/bin/"
      - "/Users/runner/Library/Android/sdk/tools/"
      - "/Users/runner/Library/Android/sdk/platform-tools/"
      - "/Library/Frameworks/Python.framework/Versions/Current/bin/"
      - "/Library/Frameworks/Mono.framework/Versions/Current/Commands/"
      - "/usr/bin/"
      - "/bin/"
      - "/usr/sbin/"
      - "/sbin/"
      - "/Users/runner/.dotnet/tools/"
    searched_directories:
      - "/opt/homebrew/opt/gcc/bin/ld"
      - "/opt/homebrew/lib/ruby/gems/3.3.0/bin/ld"
      - "/opt/homebrew/opt/ruby@3.3/bin/ld"
      - "/Users/runner/.local/bin/ld"
      - "/opt/homebrew/bin/ld"
      - "/opt/homebrew/sbin/ld"
      - "/Users/runner/.cargo/bin/ld"
      - "/usr/local/opt/curl/bin/ld"
      - "/usr/local/bin/ld"
      - "/usr/local/sbin/ld"
      - "/Users/runner/bin/ld"
      - "/Users/runner/.yarn/bin/ld"
      - "/Users/runner/Library/Android/sdk/tools/ld"
      - "/Users/runner/Library/Android/sdk/platform-tools/ld"
      - "/Library/Frameworks/Python.framework/Versions/Current/bin/ld"
      - "/Library/Frameworks/Mono.framework/Versions/Current/Commands/ld"
    found: "/usr/bin/ld"
    search_context:
      CMAKE_PREFIX_PATH:
        - "/opt/homebrew/opt/openblas"
      ENV{PATH}:
        - "/opt/homebrew/lib/ruby/gems/3.3.0/bin"
        - "/opt/homebrew/opt/ruby@3.3/bin"
        - "/Users/runner/.local/bin"
        - "/opt/homebrew/bin"
        - "/opt/homebrew/sbin"
        - "/Users/runner/.cargo/bin"
        - "/usr/local/opt/curl/bin"
        - "/usr/local/bin"
        - "/usr/local/sbin"
        - "/Users/runner/bin"
        - "/Users/runner/.yarn/bin"
        - "/Users/runner/Library/Android/sdk/tools"
        - "/Users/runner/Library/Android/sdk/platform-tools"
        - "/Library/Frameworks/Python.framework/Versions/Current/bin"
        - "/Library/Frameworks/Mono.framework/Versions/Current/Commands"
        - "/usr/bin"
        - "/bin"
        - "/usr/sbin"
        - "/sbin"
        - "/Users/runner/.dotnet/tools"
  -
    kind: "find-v1"
    backtrace:
      - "/opt/homebrew/share/cmake/Modules/CMakeFindBinUtils.cmake:247 (find_program)"
      - "/opt/homebrew/share/cmake/Modules/CMakeDetermineFortranCompiler.cmake:316 (include)"
      - "CMakeLists.txt:39 (project)"
    mode: "program"
    variable: "CMAKE_NM"
    description: "Path to a program."
    settings:
      SearchFramework: "FIRST"
      SearchAppBundle: "FIRST"
      CMAKE_FIND_USE_CMAKE_PATH: false
      CMAKE_FIND_USE_CMAKE_ENVIRONMENT_PATH: false
      CMAKE_FIND_USE_SYSTEM_ENVIRONMENT_PATH: true
      CMAKE_FIND_USE_CMAKE_SYSTEM_PATH: true
      CMAKE_FIND_USE_INSTALL_PREFIX: true
    names:
      - "nm"
    candidate_directories:
      - "/opt/homebrew/opt/gcc/bin/"
      - "/opt/homebrew/lib/ruby/gems/3.3.0/bin/"
      - "/opt/homebrew/opt/ruby@3.3/bin/"
      - "/Users/runner/.local/bin/"
      - "/opt/homebrew/bin/"
      - "/opt/homebrew/sbin/"
      - "/Users/runner/.cargo/bin/"
      - "/usr/local/opt/curl/bin/"
      - "/usr/local/bin/"
      - "/usr/local/sbin/"
      - "/Users/runner/bin/"
      - "/Users/runner/.yarn/bin/"
      - "/Users/runner/Library/Android/sdk/tools/"
      - "/Users/runner/Library/Android/sdk/platform-tools/"
      - "/Library/Frameworks/Python.framework/Versions/Current/bin/"
      - "/Library/Frameworks/Mono.framework/Versions/Current/Commands/"
      - "/usr/bin/"
      - "/bin/"
      - "/usr/sbin/"
      - "/sbin/"
      - "/Users/runner/.dotnet/tools/"
    searched_directories:
      - "/opt/homebrew/opt/gcc/bin/nm"
      - "/opt/homebrew/lib/ruby/gems/3.3.0/bin/nm"
      - "/opt/homebrew/opt/ruby@3.3/bin/nm"
      - "/Users/runner/.local/bin/nm"
      - "/opt/homebrew/bin/nm"
      - "/opt/homebrew/sbin/nm"
      - "/Users/runner/.cargo/bin/nm"
      - "/usr/local/opt/curl/bin/nm"
      - "/usr/local/bin/nm"
      - "/usr/local/sbin/nm"
      - "/Users/runner/bin/nm"
      - "/Users/runner/.yarn/bin/nm"
      - "/Users/runner/Library/Android/sdk/tools/nm"
      - "/Users/runner/Library/Android/sdk/platform-tools/nm"
      - "/Library/Frameworks/Python.framework/Versions/Current/bin/nm"
      - "/Library/Frameworks/Mono.framework/Versions/Current/Commands/nm"
    found: "/usr/bin/nm"
    search_context:
      CMAKE_PREFIX_PATH:
        - "/opt/homebrew/opt/openblas"
      ENV{PATH}:
        - "/opt/homebrew/lib/ruby/gems/3.3.0/bin"
        - "/opt/homebrew/opt/ruby@3.3/bin"
        - "/Users/runner/.local/bin"
        - "/opt/homebrew/bin"
        - "/opt/homebrew/sbin"
        - "/Users/runner/.cargo/bin"
        - "/usr/local/opt/curl/bin"
        - "/usr/local/bin"
        - "/usr/local/sbin"
        - "/Users/runner/bin"
        - "/Users/runner/.yarn/bin"
        - "/Users/runner/Library/Android/sdk/tools"
        - "/Users/runner/Library/Android/sdk/platform-tools"
        - "/Library/Frameworks/Python.framework/Versions/Current/bin"
        - "/Library/Frameworks/Mono.framework/Versions/Current/Commands"
        - "/usr/bin"
        - "/bin"
        - "/usr/sbin"
        - "/sbin"
        - "/Users/runner/.dotnet/tools"
  -
    kind: "find-v1"
    backtrace:
      - "/opt/homebrew/share/cmake/Modules/CMakeFindBinUtils.cmake:247 (find_program)"
      - "/opt/homebrew/share/cmake/Modules/CMakeDetermineFortranCompiler.cmake:316 (include)"
      - "CMakeLists.txt:39 (project)"
    mode: "program"
    variable: "CMAKE_OBJDUMP"
    description: "Path to a program."
    settings:
      SearchFramework: "FIRST"
      SearchAppBundle: "FIRST"
      CMAKE_FIND_USE_CMAKE_PATH: false
      CMAKE_FIND_USE_CMAKE_ENVIRONMENT_PATH: false
      CMAKE_FIND_USE_SYSTEM_ENVIRONMENT_PATH: true
      CMAKE_FIND_USE_CMAKE_SYSTEM_PATH: true
      CMAKE_FIND_USE_INSTALL_PREFIX: true
    names:
      - "objdump"
    candidate_directories:
      - "/opt/homebrew/opt/gcc/bin/"
      - "/opt/homebrew/lib/ruby/gems/3.3.0/bin/"
      - "/opt/homebrew/opt/ruby@3.3/bin/"
      - "/Users/runner/.local/bin/"
      - "/opt/homebrew/bin/"
      - "/opt/homebrew/sbin/"
      - "/Users/runner/.cargo/bin/"
      - "/usr/local/opt/curl/bin/"
      - "/usr/local/bin/"
      - "/usr/local/sbin/"
      - "/Users/runner/bin/"
      - "/Users/runner/.yarn/bin/"
      - "/Users/runner/Library/Android/sdk/tools/"
      - "/Users/runner/Library/Android/sdk/platform-tools/"
      - "/Library/Frameworks/Python.framework/Versions/Current/bin/"
      - "/Library/Frameworks/Mono.framework/Versions/Current/Commands/"
      - "/usr/bin/"
      - "/bin/"
      - "/usr/sbin/"
      - "/sbin/"
      - "/Users/runner/.dotnet/tools/"
    searched_directories:
      - "/opt/homebrew/opt/gcc/bin/objdump"
      - "/opt/homebrew/lib/ruby/gems/3.3.0/bin/objdump"
      - "/opt/homebrew/opt/ruby@3.3/bin/objdump"
      - "/Users/runner/.local/bin/objdump"
      - "/opt/homebrew/bin/objdump"
      - "/opt/homebrew/sbin/objdump"
      - "/Users/runner/.cargo/bin/objdump"
      - "/usr/local/opt/curl/bin/objdump"
      - "/usr/local/bin/objdump"
      - "/usr/local/sbin/objdump"
      - "/Users/runner/bin/objdump"
      - "/Users/runner/.yarn/bin/objdump"
      - "/Users/runner/Library/Android/sdk/tools/objdump"
      - "/Users/runner/Library/Android/sdk/platform-tools/objdump"
      - "/Library/Frameworks/Python.framework/Versions/Current/bin/objdump"
      - "/Library/Frameworks/Mono.framework/Versions/Current/Commands/objdump"
    found: "/usr/bin/objdump"
    search_context:
      CMAKE_PREFIX_PATH:
        - "/opt/homebrew/opt/openblas"
      ENV{PATH}:
        - "/opt/homebrew/lib/ruby/gems/3.3.0/bin"
        - "/opt/homebrew/opt/ruby@3.3/bin"
        - "/Users/runner/.local/bin"
        - "/opt/homebrew/bin"
        - "/opt/homebrew/sbin"
        - "/Users/runner/.cargo/bin"
        - "/usr/local/opt/curl/bin"
        - "/usr/local/bin"
        - "/usr/local/sbin"
        - "/Users/runner/bin"
        - "/Users/runner/.yarn/bin"
        - "/Users/runner/Library/Android/sdk/tools"
        - "/Users/runner/Library/Android/sdk/platform-tools"
        - "/Library/Frameworks/Python.framework/Versions/Current/bin"
        - "/Library/Frameworks/Mono.framework/Versions/Current/Commands"
        - "/usr/bin"
        - "/bin"
        - "/usr/sbin"
        - "/sbin"
        - "/Users/runner/.dotnet/tools"
  -
    kind: "find-v1"
    backtrace:
      - "/opt/homebrew/share/cmake/Modules/CMakeFindBinUtils.cmake:247 (find_program)"
      - "/opt/homebrew/share/cmake/Modules/CMakeDetermineFortranCompiler.cmake:316 (include)"
      - "CMakeLists.txt:39 (project)"
    mode: "program"
    variable: "CMAKE_OBJCOPY"
    description: "Path to a program."
    settings:
      SearchFramework: "FIRST"
      SearchAppBundle: "FIRST"
      CMAKE_FIND_USE_CMAKE_PATH: false
      CMAKE_FIND_USE_CMAKE_ENVIRONMENT_PATH: false
      CMAKE_FIND_USE_SYSTEM_ENVIRONMENT_PATH: true
      CMAKE_FIND_USE_CMAKE_SYSTEM_PATH: true
      CMAKE_FIND_USE_INSTALL_PREFIX: true
    names:
      - "objcopy"
    candidate_directories:
      - "/opt/homebrew/opt/gcc/bin/"
      - "/opt/homebrew/lib/ruby/gems/3.3.0/bin/"
      - "/opt/homebrew/opt/ruby@3.3/bin/"
      - "/Users/runner/.local/bin/"
      - "/opt/homebrew/bin/"
      - "/opt/homebrew/sbin/"
      - "/Users/runner/.cargo/bin/"
      - "/usr/local/opt/curl/bin/"
      - "/usr/local/bin/"
      - "/usr/local/sbin/"
      - "/Users/runner/bin/"
      - "/Users/runner/.yarn/bin/"
      - "/Users/runner/Library/Android/sdk/tools/"
      - "/Users/runner/Library/Android/sdk/platform-tools/"
      - "/Library/Frameworks/Python.framework/Versions/Current/bin/"
      - "/Library/Frameworks/Mono.framework/Versions/Current/Commands/"
      - "/usr/bin/"
      - "/bin/"
      - "/usr/sbin/"
      - "/sbin/"
      - "/Users/runner/.dotnet/tools/"
    searched_directories:
      - "/opt/homebrew/opt/gcc/bin/objcopy"
      - "/opt/homebrew/lib/ruby/gems/3.3.0/bin/objcopy"
      - "/opt/homebrew/opt/ruby@3.3/bin/objcopy"
      - "/Users/runner/.local/bin/objcopy"
      - "/opt/homebrew/bin/objcopy"
      - "/opt/homebrew/sbin/objcopy"
      - "/Users/runner/.cargo/bin/objcopy"
      - "/usr/local/opt/curl/bin/objcopy"
      - "/usr/local/bin/objcopy"
      - "/usr/local/sbin/objcopy"
      - "/Users/runner/bin/objcopy"
      - "/Users/runner/.yarn/bin/objcopy"
      - "/Users/runner/Library/Android/sdk/tools/objcopy"
      - "/Users/runner/Library/Android/sdk/platform-tools/objcopy"
      - "/Library/Frameworks/Python.framework/Versions/Current/bin/objcopy"
      - "/Library/Frameworks/Mono.framework/Versions/Current/Commands/objcopy"
      - "/usr/bin/objcopy"
      - "/bin/objcopy"
      - "/usr/sbin/objcopy"
      - "/sbin/objcopy"
      - "/Users/runner/.dotnet/tools/objcopy"
    found: false
    search_context:
      CMAKE_PREFIX_PATH:
        - "/opt/homebrew/opt/openblas"
      ENV{PATH}:
        - "/opt/homebrew/lib/ruby/gems/3.3.0/bin"
        - "/opt/homebrew/opt/ruby@3.3/bin"
        - "/Users/runner/.local/bin"
        - "/opt/homebrew/bin"
        - "/opt/homebrew/sbin"
        - "/Users/runner/.cargo/bin"
        - "/usr/local/opt/curl/bin"
        - "/usr/local/bin"
        - "/usr/local/sbin"
        - "/Users/runner/bin"
        - "/Users/runner/.yarn/bin"
        - "/Users/runner/Library/Android/sdk/tools"
        - "/Users/runner/Library/Android/sdk/platform-tools"
        - "/Library/Frameworks/Python.framework/Versions/Current/bin"
        - "/Library/Frameworks/Mono.framework/Versions/Current/Commands"
        - "/usr/bin"
        - "/bin"
        - "/usr/sbin"
        - "/sbin"
        - "/Users/runner/.dotnet/tools"
  -
    kind: "find-v1"
    backtrace:
      - "/opt/homebrew/share/cmake/Modules/CMakeFindBinUtils.cmake:247 (find_program)"
      - "/opt/homebrew/share/cmake/Modules/CMakeDetermineFortranCompiler.cmake:316 (include)"
      - "CMakeLists.txt:39 (project)"
    mode: "program"
    variable: "CMAKE_READELF"
    description: "Path to a program."
    settings:
      SearchFramework: "FIRST"
      SearchAppBundle: "FIRST"
      CMAKE_FIND_USE_CMAKE_PATH: false
      CMAKE_FIND_USE_CMAKE_ENVIRONMENT_PATH: false
      CMAKE_FIND_USE_SYSTEM_ENVIRONMENT_PATH: true
      CMAKE_FIND_USE_CMAKE_SYSTEM_PATH: true
      CMAKE_FIND_USE_INSTALL_PREFIX: true
    names:
      - "readelf"
    candidate_directories:
      - "/opt/homebrew/opt/gcc/bin/"
      - "/opt/homebrew/lib/ruby/gems/3.3.0/bin/"
      - "/opt/homebrew/opt/ruby@3.3/bin/"
      - "/Users/runner/.local/bin/"
      - "/opt/homebrew/bin/"
      - "/opt/homebrew/sbin/"
      - "/Users/runner/.cargo/bin/"
      - "/usr/local/opt/curl/bin/"
      - "/usr/local/bin/"
      - "/usr/local/sbin/"
      - "/Users/runner/bin/"
      - "/Users/runner/.yarn/bin/"
      - "/Users/runner/Library/Android/sdk/tools/"
      - "/Users/runner/Library/Android/sdk/platform-tools/"
      - "/Library/Frameworks/Python.framework/Versions/Current/bin/"
      - "/Library/Frameworks/Mono.framework/Versions/Current/Commands/"
      - "/usr/bin/"
      - "/bin/"
      - "/usr/sbin/"
      - "/sbin/"
      - "/Users/runner/.dotnet/tools/"
    searched_directories:
      - "/opt/homebrew/opt/gcc/bin/readelf"
      - "/opt/homebrew/lib/ruby/gems/3.3.0/bin/readelf"
      - "/opt/homebrew/opt/ruby@3.3/bin/readelf"
      - "/Users/runner/.local/bin/readelf"
      - "/opt/homebrew/bin/readelf"
      - "/opt/homebrew/sbin/readelf"
      - "/Users/runner/.cargo/bin/readelf"
      - "/usr/local/opt/curl/bin/readelf"
      - "/usr/local/bin/readelf"
      - "/usr/local/sbin/readelf"
      - "/Users/runner/bin/readelf"
      - "/Users/runner/.yarn/bin/readelf"
      - "/Users/runner/Library/Android/sdk/tools/readelf"
      - "/Users/runner/Library/Android/sdk/platform-tools/readelf"
      - "/Library/Frameworks/Python.framework/Versions/Current/bin/readelf"
      - "/Library/Frameworks/Mono.framework/Versions/Current/Commands/readelf"
      - "/usr/bin/readelf"
      - "/bin/readelf"
      - "/usr/sbin/readelf"
      - "/sbin/readelf"
      - "/Users/runner/.dotnet/tools/readelf"
    found: false
    search_context:
      CMAKE_PREFIX_PATH:
        - "/opt/homebrew/opt/openblas"
      ENV{PATH}:
        - "/opt/homebrew/lib/ruby/gems/3.3.0/bin"
        - "/opt/homebrew/opt/ruby@3.3/bin"
        - "/Users/runner/.local/bin"
        - "/opt/homebrew/bin"
        - "/opt/homebrew/sbin"
        - "/Users/runner/.cargo/bin"
        - "/usr/local/opt/curl/bin"
        - "/usr/local/bin"
        - "/usr/local/sbin"
        - "/Users/runner/bin"
        - "/Users/runner/.yarn/bin"
        - "/Users/runner/Library/Android/sdk/tools"
        - "/Users/runner/Library/Android/sdk/platform-tools"
        - "/Library/Frameworks/Python.framework/Versions/Current/bin"
        - "/Library/Frameworks/Mono.framework/Versions/Current/Commands"
        - "/usr/bin"
        - "/bin"
        - "/usr/sbin"
        - "/sbin"
        - "/Users/runner/.dotnet/tools"
  -
    kind: "find-v1"
    backtrace:
      - "/opt/homebrew/share/cmake/Modules/CMakeFindBinUtils.cmake:247 (find_program)"
      - "/opt/homebrew/share/cmake/Modules/CMakeDetermineFortranCompiler.cmake:316 (include)"
      - "CMakeLists.txt:39 (project)"
    mode: "program"
    variable: "CMAKE_DLLTOOL"
    description: "Path to a program."
    settings:
      SearchFramework: "FIRST"
      SearchAppBundle: "FIRST"
      CMAKE_FIND_USE_CMAKE_PATH: false
      CMAKE_FIND_USE_CMAKE_ENVIRONMENT_PATH: false
      CMAKE_FIND_USE_SYSTEM_ENVIRONMENT_PATH: true
      CMAKE_FIND_USE_CMAKE_SYSTEM_PATH: true
      CMAKE_FIND_USE_INSTALL_PREFIX: true
    names:
      - "dlltool"
    candidate_directories:
      - "/opt/homebrew/opt/gcc/bin/"
      - "/opt/homebrew/lib/ruby/gems/3.3.0/bin/"
      - "/opt/homebrew/opt/ruby@3.3/bin/"
      - "/Users/runner/.local/bin/"
      - "/opt/homebrew/bin/"
      - "/opt/homebrew/sbin/"
      - "/Users/runner/.cargo/bin/"
      - "/usr/local/opt/curl/bin/"
      - "/usr/local/bin/"
      - "/usr/local/sbin/"
      - "/Users/runner/bin/"
      - "/Users/runner/.yarn/bin/"
      - "/Users/runner/Library/Android/sdk/tools/"
      - "/Users/runner/Library/Android/sdk/platform-tools/"
      - "/Library/Frameworks/Python.framework/Versions/Current/bin/"
      - "/Library/Frameworks/Mono.framework/Versions/Current/Commands/"
      - "/usr/bin/"
      - "/bin/"
      - "/usr/sbin/"
      - "/sbin/"
      - "/Users/runner/.dotnet/tools/"
    searched_directories:
      - "/opt/homebrew/opt/gcc/bin/dlltool"
      - "/opt/homebrew/lib/ruby/gems/3.3.0/bin/dlltool"
      - "/opt/homebrew/opt/ruby@3.3/bin/dlltool"
      - "/Users/runner/.local/bin/dlltool"
      - "/opt/homebrew/bin/dlltool"
      - "/opt/homebrew/sbin/dlltool"
      - "/Users/runner/.cargo/bin/dlltool"
      - "/usr/local/opt/curl/bin/dlltool"
      - "/usr/local/bin/dlltool"
      - "/usr/local/sbin/dlltool"
      - "/Users/runner/bin/dlltool"
      - "/Users/runner/.yarn/bin/dlltool"
      - "/Users/runner/Library/Android/sdk/tools/dlltool"
      - "/Users/runner/Library/Android/sdk/platform-tools/dlltool"
      - "/Library/Frameworks/Python.framework/Versions/Current/bin/dlltool"
      - "/Library/Frameworks/Mono.framework/Versions/Current/Commands/dlltool"
      - "/usr/bin/dlltool"
      - "/bin/dlltool"
      - "/usr/sbin/dlltool"
      - "/sbin/dlltool"
      - "/Users/runner/.dotnet/tools/dlltool"
    found: false
    search_context:
      CMAKE_PREFIX_PATH:
        - "/opt/homebrew/opt/openblas"
      ENV{PATH}:
        - "/opt/homebrew/lib/ruby/gems/3.3.0/bin"
        - "/opt/homebrew/opt/ruby@3.3/bin"
        - "/Users/runner/.local/bin"
        - "/opt/homebrew/bin"
        - "/opt/homebrew/sbin"
        - "/Users/runner/.cargo/bin"
        - "/usr/local/opt/curl/bin"
        - "/usr/local/bin"
        - "/usr/local/sbin"
        - "/Users/runner/bin"
        - "/Users/runner/.yarn/bin"
        - "/Users/runner/Library/Android/sdk/tools"
        - "/Users/runner/Library/Android/sdk/platform-tools"
        - "/Library/Frameworks/Python.framework/Versions/Current/bin"
        - "/Library/Frameworks/Mono.framework/Versions/Current/Commands"
        - "/usr/bin"
        - "/bin"
        - "/usr/sbin"
        - "/sbin"
        - "/Users/runner/.dotnet/tools"
  -
    kind: "find-v1"
    backtrace:
      - "/opt/homebrew/share/cmake/Modules/CMakeFindBinUtils.cmake:247 (find_program)"
      - "/opt/homebrew/share/cmake/Modules/CMakeDetermineFortranCompiler.cmake:316 (include)"
      - "CMakeLists.txt:39 (project)"
    mode: "program"
    variable: "CMAKE_ADDR2LINE"
    description: "Path to a program."
    settings:
      SearchFramework: "FIRST"
      SearchAppBundle: "FIRST"
      CMAKE_FIND_USE_CMAKE_PATH: false
      CMAKE_FIND_USE_CMAKE_ENVIRONMENT_PATH: false
      CMAKE_FIND_USE_SYSTEM_ENVIRONMENT_PATH: true
      CMAKE_FIND_USE_CMAKE_SYSTEM_PATH: true
      CMAKE_FIND_USE_INSTALL_PREFIX: true
    names:
      - "addr2line"
    candidate_directories:
      - "/opt/homebrew/opt/gcc/bin/"
      - "/opt/homebrew/lib/ruby/gems/3.3.0/bin/"
      - "/opt/homebrew/opt/ruby@3.3/bin/"
      - "/Users/runner/.local/bin/"
      - "/opt/homebrew/bin/"
      - "/opt/homebrew/sbin/"
      - "/Users/runner/.cargo/bin/"
      - "/usr/local/opt/curl/bin/"
      - "/usr/local/bin/"
      - "/usr/local/sbin/"
      - "/Users/runner/bin/"
      - "/Users/runner/.yarn/bin/"
      - "/Users/runner/Library/Android/sdk/tools/"
      - "/Users/runner/Library/Android/sdk/platform-tools/"
      - "/Library/Frameworks/Python.framework/Versions/Current/bin/"
      - "/Library/Frameworks/Mono.framework/Versions/Current/Commands/"
      - "/usr/bin/"
      - "/bin/"
      - "/usr/sbin/"
      - "/sbin/"
      - "/Users/runner/.dotnet/tools/"
    searched_directories:
      - "/opt/homebrew/opt/gcc/bin/addr2line"
      - "/opt/homebrew/lib/ruby/gems/3.3.0/bin/addr2line"
      - "/opt/homebrew/opt/ruby@3.3/bin/addr2line"
      - "/Users/runner/.local/bin/addr2line"
      - "/opt/homebrew/bin/addr2line"
      - "/opt/homebrew/sbin/addr2line"
      - "/Users/runner/.cargo/bin/addr2line"
      - "/usr/local/opt/curl/bin/addr2line"
      - "/usr/local/bin/addr2line"
      - "/usr/local/sbin/addr2line"
      - "/Users/runner/bin/addr2line"
      - "/Users/runner/.yarn/bin/addr2line"
      - "/Users/runner/Library/Android/sdk/tools/addr2line"
      - "/Users/runner/Library/Android/sdk/platform-tools/addr2line"
      - "/Library/Frameworks/Python.framework/Versions/Current/bin/addr2line"
      - "/Library/Frameworks/Mono.framework/Versions/Current/Commands/addr2line"
      - "/usr/bin/addr2line"
      - "/bin/addr2line"
      - "/usr/sbin/addr2line"
      - "/sbin/addr2line"
      - "/Users/runner/.dotnet/tools/addr2line"
    found: false
    search_context:
      CMAKE_PREFIX_PATH:
        - "/opt/homebrew/opt/openblas"
      ENV{PATH}:
        - "/opt/homebrew/lib/ruby/gems/3.3.0/bin"
        - "/opt/homebrew/opt/ruby@3.3/bin"
        - "/Users/runner/.local/bin"
        - "/opt/homebrew/bin"
        - "/opt/homebrew/sbin"
        - "/Users/runner/.cargo/bin"
        - "/usr/local/opt/curl/bin"
        - "/usr/local/bin"
        - "/usr/local/sbin"
        - "/Users/runner/bin"
        - "/Users/runner/.yarn/bin"
        - "/Users/runner/Library/Android/sdk/tools"
        - "/Users/runner/Library/Android/sdk/platform-tools"
        - "/Library/Frameworks/Python.framework/Versions/Current/bin"
        - "/Library/Frameworks/Mono.framework/Versions/Current/Commands"
        - "/usr/bin"
        - "/bin"
        - "/usr/sbin"
        - "/sbin"
        - "/Users/runner/.dotnet/tools"
  -
    kind: "find-v1"
    backtrace:
      - "/opt/homebrew/share/cmake/Modules/CMakeFindBinUtils.cmake:247 (find_program)"
      - "/opt/homebrew/share/cmake/Modules/CMakeDetermineFortranCompiler.cmake:316 (include)"
      - "CMakeLists.txt:39 (project)"
    mode: "program"
    variable: "CMAKE_TAPI"
    description: "Path to a program."
    settings:
      SearchFramework: "FIRST"
      SearchAppBundle: "FIRST"
      CMAKE_FIND_USE_CMAKE_PATH: false
      CMAKE_FIND_USE_CMAKE_ENVIRONMENT_PATH: false
      CMAKE_FIND_USE_SYSTEM_ENVIRONMENT_PATH: true
      CMAKE_FIND_USE_CMAKE_SYSTEM_PATH: true
      CMAKE_FIND_USE_INSTALL_PREFIX: true
    names:
      - "tapi"
    candidate_directories:
      - "/opt/homebrew/opt/gcc/bin/"
      - "/opt/homebrew/lib/ruby/gems/3.3.0/bin/"
      - "/opt/homebrew/opt/ruby@3.3/bin/"
      - "/Users/runner/.local/bin/"
      - "/opt/homebrew/bin/"
      - "/opt/homebrew/sbin/"
      - "/Users/runner/.cargo/bin/"
      - "/usr/local/opt/curl/bin/"
      - "/usr/local/bin/"
      - "/usr/local/sbin/"
      - "/Users/runner/bin/"
      - "/Users/runner/.yarn/bin/"
      - "/Users/runner/Library/Android/sdk/tools/"
      - "/Users/runner/Library/Android/sdk/platform-tools/"
      - "/Library/Frameworks/Python.framework/Versions/Current/bin/"
      - "/Library/Frameworks/Mono.framework/Versions/Current/Commands/"
      - "/usr/bin/"
      - "/bin/"
      - "/usr/sbin/"
      - "/sbin/"
      - "/Users/runner/.dotnet/tools/"
    searched_directories:
      - "/opt/homebrew/opt/gcc/bin/tapi"
      - "/opt/homebrew/lib/ruby/gems/3.3.0/bin/tapi"
      - "/opt/homebrew/opt/ruby@3.3/bin/tapi"
      - "/Users/runner/.local/bin/tapi"
      - "/opt/homebrew/bin/tapi"
      - "/opt/homebrew/sbin/tapi"
      - "/Users/runner/.cargo/bin/tapi"
      - "/usr/local/opt/curl/bin/tapi"
      - "/usr/local/bin/tapi"
      - "/usr/local/sbin/tapi"
      - "/Users/runner/bin/tapi"
      - "/Users/runner/.yarn/bin/tapi"
      - "/Users/runner/Library/Android/sdk/tools/tapi"
      - "/Users/runner/Library/Android/sdk/platform-tools/tapi"
      - "/Library/Frameworks/Python.framework/Versions/Current/bin/tapi"
      - "/Library/Frameworks/Mono.framework/Versions/Current/Commands/tapi"
      - "/usr/bin/tapi"
      - "/bin/tapi"
      - "/usr/sbin/tapi"
      - "/sbin/tapi"
      - "/Users/runner/.dotnet/tools/tapi"
    found: false
    search_context:
      CMAKE_PREFIX_PATH:
        - "/opt/homebrew/opt/openblas"
      ENV{PATH}:
        - "/opt/homebrew/lib/ruby/gems/3.3.0/bin"
        - "/opt/homebrew/opt/ruby@3.3/bin"
        - "/Users/runner/.local/bin"
        - "/opt/homebrew/bin"
        - "/opt/homebrew/sbin"
        - "/Users/runner/.cargo/bin"
        - "/usr/local/opt/curl/bin"
        - "/usr/local/bin"
        - "/usr/local/sbin"
        - "/Users/runner/bin"
        - "/Users/runner/.yarn/bin"
        - "/Users/runner/Library/Android/sdk/tools"
        - "/Users/runner/Library/Android/sdk/platform-tools"
        - "/Library/Frameworks/Python.framework/Versions/Current/bin"
        - "/Library/Frameworks/Mono.framework/Versions/Current/Commands"
        - "/usr/bin"
        - "/bin"
        - "/usr/sbin"
        - "/sbin"
        - "/Users/runner/.dotnet/tools"
  -
    kind: "find-v1"
    backtrace:
      - "/opt/homebrew/share/cmake/Modules/Compiler/GNU-FindBinUtils.cmake:18 (find_program)"
      - "/opt/homebrew/share/cmake/Modules/CMakeDetermineFortranCompiler.cmake:317 (include)"
      - "CMakeLists.txt:39 (project)"
    mode: "program"
    variable: "CMAKE_Fortran_COMPILER_AR"
    description: "A wrapper around 'ar' adding the appropriate '--plugin' option for the GCC compiler"
    settings:
      SearchFramework: "FIRST"
      SearchAppBundle: "FIRST"
      CMAKE_FIND_USE_CMAKE_PATH: false
      CMAKE_FIND_USE_CMAKE_ENVIRONMENT_PATH: false
      CMAKE_FIND_USE_SYSTEM_ENVIRONMENT_PATH: true
      CMAKE_FIND_USE_CMAKE_SYSTEM_PATH: true
      CMAKE_FIND_USE_INSTALL_PREFIX: true
    names:
      - "gcc-ar-16.2"
      - "gcc-ar-16"
      - "gcc-ar16"
      - "gcc-ar"
    candidate_directories:
      - "/opt/homebrew/opt/gcc/bin/"
      - "/opt/homebrew/lib/ruby/gems/3.3.0/bin/"
      - "/opt/homebrew/opt/ruby@3.3/bin/"
      - "/Users/runner/.local/bin/"
      - "/opt/homebrew/bin/"
      - "/opt/homebrew/sbin/"
      - "/Users/runner/.cargo/bin/"
      - "/usr/local/opt/curl/bin/"
      - "/usr/local/bin/"
      - "/usr/local/sbin/"
      - "/Users/runner/bin/"
      - "/Users/runner/.yarn/bin/"
      - "/Users/runner/Library/Android/sdk/tools/"
      - "/Users/runner/Library/Android/sdk/platform-tools/"
      - "/Library/Frameworks/Python.framework/Versions/Current/bin/"
      - "/Library/Frameworks/Mono.framework/Versions/Current/Commands/"
      - "/usr/bin/"
      - "/bin/"
      - "/usr/sbin/"
      - "/sbin/"
      - "/Users/runner/.dotnet/tools/"
    searched_directories:
      - "/opt/homebrew/opt/gcc/bin/gcc-ar-16.2"
      - "/opt/homebrew/lib/ruby/gems/3.3.0/bin/gcc-ar-16.2"
      - "/opt/homebrew/opt/ruby@3.3/bin/gcc-ar-16.2"
      - "/Users/runner/.local/bin/gcc-ar-16.2"
      - "/opt/homebrew/bin/gcc-ar-16.2"
      - "/opt/homebrew/sbin/gcc-ar-16.2"
      - "/Users/runner/.cargo/bin/gcc-ar-16.2"
      - "/usr/local/opt/curl/bin/gcc-ar-16.2"
      - "/usr/local/bin/gcc-ar-16.2"
      - "/usr/local/sbin/gcc-ar-16.2"
      - "/Users/runner/bin/gcc-ar-16.2"
      - "/Users/runner/.yarn/bin/gcc-ar-16.2"
      - "/Users/runner/Library/Android/sdk/tools/gcc-ar-16.2"
      - "/Users/runner/Library/Android/sdk/platform-tools/gcc-ar-16.2"
      - "/Library/Frameworks/Python.framework/Versions/Current/bin/gcc-ar-16.2"
      - "/Library/Frameworks/Mono.framework/Versions/Current/Commands/gcc-ar-16.2"
      - "/usr/bin/gcc-ar-16.2"
      - "/bin/gcc-ar-16.2"
      - "/usr/sbin/gcc-ar-16.2"
      - "/sbin/gcc-ar-16.2"
      - "/Users/runner/.dotnet/tools/gcc-ar-16.2"
    found: "/opt/homebrew/opt/gcc/bin/gcc-ar-16"
    search_context:
      CMAKE_PREFIX_PATH:
        - "/opt/homebrew/opt/openblas"
      ENV{PATH}:
        - "/opt/homebrew/lib/ruby/gems/3.3.0/bin"
        - "/opt/homebrew/opt/ruby@3.3/bin"
        - "/Users/runner/.local/bin"
        - "/opt/homebrew/bin"
        - "/opt/homebrew/sbin"
        - "/Users/runner/.cargo/bin"
        - "/usr/local/opt/curl/bin"
        - "/usr/local/bin"
        - "/usr/local/sbin"
        - "/Users/runner/bin"
        - "/Users/runner/.yarn/bin"
        - "/Users/runner/Library/Android/sdk/tools"
        - "/Users/runner/Library/Android/sdk/platform-tools"
        - "/Library/Frameworks/Python.framework/Versions/Current/bin"
        - "/Library/Frameworks/Mono.framework/Versions/Current/Commands"
        - "/usr/bin"
        - "/bin"
        - "/usr/sbin"
        - "/sbin"
        - "/Users/runner/.dotnet/tools"
  -
    kind: "find-v1"
    backtrace:
      - "/opt/homebrew/share/cmake/Modules/Compiler/GNU-FindBinUtils.cmake:30 (find_program)"
      - "/opt/homebrew/share/cmake/Modules/CMakeDetermineFortranCompiler.cmake:317 (include)"
      - "CMakeLists.txt:39 (project)"
    mode: "program"
    variable: "CMAKE_Fortran_COMPILER_RANLIB"
    description: "A wrapper around 'ranlib' adding the appropriate '--plugin' option for the GCC compiler"
    settings:
      SearchFramework: "FIRST"
      SearchAppBundle: "FIRST"
      CMAKE_FIND_USE_CMAKE_PATH: false
      CMAKE_FIND_USE_CMAKE_ENVIRONMENT_PATH: false
      CMAKE_FIND_USE_SYSTEM_ENVIRONMENT_PATH: true
      CMAKE_FIND_USE_CMAKE_SYSTEM_PATH: true
      CMAKE_FIND_USE_INSTALL_PREFIX: true
    names:
      - "gcc-ranlib-16.2"
      - "gcc-ranlib-16"
      - "gcc-ranlib16"
      - "gcc-ranlib"
    candidate_directories:
      - "/opt/homebrew/opt/gcc/bin/"
      - "/opt/homebrew/lib/ruby/gems/3.3.0/bin/"
      - "/opt/homebrew/opt/ruby@3.3/bin/"
      - "/Users/runner/.local/bin/"
      - "/opt/homebrew/bin/"
      - "/opt/homebrew/sbin/"
      - "/Users/runner/.cargo/bin/"
      - "/usr/local/opt/curl/bin/"
      - "/usr/local/bin/"
      - "/usr/local/sbin/"
      - "/Users/runner/bin/"
      - "/Users/runner/.yarn/bin/"
      - "/Users/runner/Library/Android/sdk/tools/"
      - "/Users/runner/Library/Android/sdk/platform-tools/"
      - "/Library/Frameworks/Python.framework/Versions/Current/bin/"
      - "/Library/Frameworks/Mono.framework/Versions/Current/Commands/"
      - "/usr/bin/"
      - "/bin/"
      - "/usr/sbin/"
      - "/sbin/"
      - "/Users/runner/.dotnet/tools/"
    searched_directories:
      - "/opt/homebrew/opt/gcc/bin/gcc-ranlib-16.2"
      - "/opt/homebrew/lib/ruby/gems/3.3.0/bin/gcc-ranlib-16.2"
      - "/opt/homebrew/opt/ruby@3.3/bin/gcc-ranlib-16.2"
      - "/Users/runner/.local/bin/gcc-ranlib-16.2"
      - "/opt/homebrew/bin/gcc-ranlib-16.2"
      - "/opt/homebrew/sbin/gcc-ranlib-16.2"
      - "/Users/runner/.cargo/bin/gcc-ranlib-16.2"
      - "/usr/local/opt/curl/bin/gcc-ranlib-16.2"
      - "/usr/local/bin/gcc-ranlib-16.2"
      - "/usr/local/sbin/gcc-ranlib-16.2"
      - "/Users/runner/bin/gcc-ranlib-16.2"
      - "/Users/runner/.yarn/bin/gcc-ranlib-16.2"
      - "/Users/runner/Library/Android/sdk/tools/gcc-ranlib-16.2"
      - "/Users/runner/Library/Android/sdk/platform-tools/gcc-ranlib-16.2"
      - "/Library/Frameworks/Python.framework/Versions/Current/bin/gcc-ranlib-16.2"
      - "/Library/Frameworks/Mono.framework/Versions/Current/Commands/gcc-ranlib-16.2"
      - "/usr/bin/gcc-ranlib-16.2"
      - "/bin/gcc-ranlib-16.2"
      - "/usr/sbin/gcc-ranlib-16.2"
      - "/sbin/gcc-ranlib-16.2"
      - "/Users/runner/.dotnet/tools/gcc-ranlib-16.2"
    found: "/opt/homebrew/opt/gcc/bin/gcc-ranlib-16"
    search_context:
      CMAKE_PREFIX_PATH:
        - "/opt/homebrew/opt/openblas"
      ENV{PATH}:
        - "/opt/homebrew/lib/ruby/gems/3.3.0/bin"
        - "/opt/homebrew/opt/ruby@3.3/bin"
        - "/Users/runner/.local/bin"
        - "/opt/homebrew/bin"
        - "/opt/homebrew/sbin"
        - "/Users/runner/.cargo/bin"
        - "/usr/local/opt/curl/bin"
        - "/usr/local/bin"
        - "/usr/local/sbin"
        - "/Users/runner/bin"
        - "/Users/runner/.yarn/bin"
        - "/Users/runner/Library/Android/sdk/tools"
        - "/Users/runner/Library/Android/sdk/platform-tools"
        - "/Library/Frameworks/Python.framework/Versions/Current/bin"
        - "/Library/Frameworks/Mono.framework/Versions/Current/Commands"
        - "/usr/bin"
        - "/bin"
        - "/usr/sbin"
        - "/sbin"
        - "/Users/runner/.dotnet/tools"
  -
    kind: "find-v1"
    backtrace:
      - "/opt/homebrew/share/cmake/Modules/Platform/Darwin.cmake:66 (find_program)"
      - "/opt/homebrew/share/cmake/Modules/CMakeSystemSpecificInformation.cmake:32 (include)"
      - "CMakeLists.txt:39 (project)"
    mode: "program"
    variable: "CMAKE_INSTALL_NAME_TOOL"
    description: "Path to a program."
    settings:
      SearchFramework: "FIRST"
      SearchAppBundle: "FIRST"
      CMAKE_FIND_USE_CMAKE_PATH: true
      CMAKE_FIND_USE_CMAKE_ENVIRONMENT_PATH: true
      CMAKE_FIND_USE_SYSTEM_ENVIRONMENT_PATH: true
      CMAKE_FIND_USE_CMAKE_SYSTEM_PATH: true
      CMAKE_FIND_USE_INSTALL_PREFIX: true
    names:
      - "install_name_tool"
    candidate_directories:
      - "/opt/homebrew/opt/openblas/bin/"
      - "/opt/homebrew/opt/openblas/sbin/"
      - "/opt/homebrew/opt/openblas/"
      - "/opt/homebrew/lib/ruby/gems/3.3.0/bin/"
      - "/opt/homebrew/opt/ruby@3.3/bin/"
      - "/Users/runner/.local/bin/"
      - "/opt/homebrew/bin/"
      - "/opt/homebrew/sbin/"
      - "/Users/runner/.cargo/bin/"
      - "/usr/local/opt/curl/bin/"
      - "/usr/local/bin/"
      - "/usr/local/sbin/"
      - "/Users/runner/bin/"
      - "/Users/runner/.yarn/bin/"
      - "/Users/runner/Library/Android/sdk/tools/"
      - "/Users/runner/Library/Android/sdk/platform-tools/"
      - "/Library/Frameworks/Python.framework/Versions/Current/bin/"
      - "/Library/Frameworks/Mono.framework/Versions/Current/Commands/"
      - "/usr/bin/"
      - "/bin/"
      - "/usr/sbin/"
      - "/sbin/"
      - "/Users/runner/.dotnet/tools/"
    searched_directories:
      - "/opt/homebrew/opt/openblas/bin/install_name_tool"
      - "/opt/homebrew/opt/openblas/sbin/install_name_tool"
      - "/opt/homebrew/opt/openblas/install_name_tool"
      - "/opt/homebrew/lib/ruby/gems/3.3.0/bin/install_name_tool"
      - "/opt/homebrew/opt/ruby@3.3/bin/install_name_tool"
      - "/Users/runner/.local/bin/install_name_tool"
      - "/opt/homebrew/bin/install_name_tool"
      - "/opt/homebrew/sbin/install_name_tool"
      - "/Users/runner/.cargo/bin/install_name_tool"
      - "/usr/local/opt/curl/bin/install_name_tool"
      - "/usr/local/bin/install_name_tool"
      - "/usr/local/sbin/install_name_tool"
      - "/Users/runner/bin/install_name_tool"
      - "/Users/runner/.yarn/bin/install_name_tool"
      - "/Users/runner/Library/Android/sdk/tools/install_name_tool"
      - "/Users/runner/Library/Android/sdk/platform-tools/install_name_tool"
      - "/Library/Frameworks/Python.framework/Versions/Current/bin/install_name_tool"
      - "/Library/Frameworks/Mono.framework/Versions/Current/Commands/install_name_tool"
    found: "/usr/bin/install_name_tool"
    search_context:
      CMAKE_PREFIX_PATH:
        - "/opt/homebrew/opt/openblas"
      ENV{PATH}:
        - "/opt/homebrew/lib/ruby/gems/3.3.0/bin"
        - "/opt/homebrew/opt/ruby@3.3/bin"
        - "/Users/runner/.local/bin"
        - "/opt/homebrew/bin"
        - "/opt/homebrew/sbin"
        - "/Users/runner/.cargo/bin"
        - "/usr/local/opt/curl/bin"
        - "/usr/local/bin"
        - "/usr/local/sbin"
        - "/Users/runner/bin"
        - "/Users/runner/.yarn/bin"
        - "/Users/runner/Library/Android/sdk/tools"
        - "/Users/runner/Library/Android/sdk/platform-tools"
        - "/Library/Frameworks/Python.framework/Versions/Current/bin"
        - "/Library/Frameworks/Mono.framework/Versions/Current/Commands"
        - "/usr/bin"
        - "/bin"
        - "/usr/sbin"
        - "/sbin"
        - "/Users/runner/.dotnet/tools"
      CMAKE_INSTALL_PREFIX: "/usr/local"
  -
    kind: "try_compile-v1"
    backtrace:
      - "/opt/homebrew/share/cmake/Modules/CMakeDetermineCompilerABI.cmake:123 (try_compile)"
      - "/opt/homebrew/share/cmake/Modules/CMakeTestFortranCompiler.cmake:20 (CMAKE_DETERMINE_COMPILER_ABI)"
      - "CMakeLists.txt:39 (project)"
    checks:
      - "Detecting Fortran compiler ABI info"
    directories:
      source: "/Users/runner/work/aenet/aenet/build-l4/CMakeFiles/CMakeScratch/TryCompile-NoRCGw"
      binary: "/Users/runner/work/aenet/aenet/build-l4/CMakeFiles/CMakeScratch/TryCompile-NoRCGw"
    cmakeVariables:
      CMAKE_EXE_LINKER_FLAGS: "-lgomp"
      CMAKE_Fortran_FLAGS: ""
      CMAKE_Fortran_FLAGS_DEBUG: "-g"
      CMAKE_OSX_ARCHITECTURES: ""
      CMAKE_OSX_DEPLOYMENT_TARGET: ""
      CMAKE_OSX_SYSROOT: ""
    buildResult:
      variable: "CMAKE_Fortran_ABI_COMPILED"
      cached: false
      stdout: |
        Change Dir: '/Users/runner/work/aenet/aenet/build-l4/CMakeFiles/CMakeScratch/TryCompile-NoRCGw'
        
        Run Build Command(s): /opt/homebrew/bin/cmake -E env VERBOSE=1 /usr/bin/make -f Makefile cmTC_4f806/fast
        /Applications/Xcode_15.4.app/Contents/Developer/usr/bin/make  -f CMakeFiles/cmTC_4f806.dir/build.make CMakeFiles/cmTC_4f806.dir/build
        Building Fortran object CMakeFiles/cmTC_4f806.dir/CMakeFortranCompilerABI.F90.o
        /opt/homebrew/opt/gcc/bin/gfortran   -v -Wl,-v -c /opt/homebrew/share/cmake/Modules/CMakeFortranCompilerABI.F90 -o CMakeFiles/cmTC_4f806.dir/CMakeFortranCompilerABI.F90.o
        Using built-in specs.
        COLLECT_GCC=/opt/homebrew/opt/gcc/bin/gfortran
        Target: aarch64-apple-darwin23
        Configured with: ../configure --prefix=/opt/homebrew/opt/gcc --libdir=/opt/homebrew/opt/gcc/lib/gcc/current --disable-nls --enable-checking=release --with-gcc-major-version-only --enable-languages=c,c++,objc,obj-c++,fortran --program-suffix=-16 --with-gmp=/opt/homebrew/opt/gmp --with-mpfr=/opt/homebrew/opt/mpfr --with-mpc=/opt/homebrew/opt/libmpc --with-isl=/opt/homebrew/opt/isl --with-zstd=/opt/homebrew/opt/zstd --with-pkgversion='Homebrew GCC 16.2.0' --with-bugurl=https://github.com/Homebrew/homebrew-core/issues --with-system-zlib --build=aarch64-apple-darwin23 --with-sysroot=/Library/Developer/CommandLineTools/SDKs/MacOSX14.sdk
        Thread model: posix
        Supported LTO compression algorithms: zlib zstd
        gcc version 16.2.0 (Homebrew GCC 16.2.0) 
        COLLECT_GCC_OPTIONS='-v' '-c' '-o' 'CMakeFiles/cmTC_4f806.dir/CMakeFortranCompilerABI.F90.o' '-mmacosx-version-min=14.0.0' '-asm_macosx_version_min=14.0' '-nodefaultexport' '-mcpu=apple-m1' '-mlittle-endian' '-mabi=lp64' '-dumpdir' 'CMakeFiles/cmTC_4f806.dir/'
         /opt/homebrew/Cellar/gcc/16.2.0/bin/../libexec/gcc/aarch64-apple-darwin23/16/f951 /opt/homebrew/share/cmake/Modules/CMakeFortranCompilerABI.F90 -cpp=/var/folders/s6/5hzmn6lx4dz5nxs7k_0slzph0000gn/T//ccywLDdb.fii -quiet -v -iprefix /opt/homebrew/Cellar/gcc/16.2.0/bin/../lib/gcc/current/gcc/aarch64-apple-darwin23/16/ -D__DYNAMIC__ /opt/homebrew/share/cmake/Modules/CMakeFortranCompilerABI.F90 -fPIC -quiet -dumpdir CMakeFiles/cmTC_4f806.dir/ -dumpbase CMakeFortranCompilerABI.F90.F90 -dumpbase-ext .F90 -mmacosx-version-min=14.0.0 -mcpu=apple-m1 -mlittle-endian -mabi=lp64 -version -fintrinsic-modules-path /opt/homebrew/Cellar/gcc/16.2.0/bin/../lib/gcc/current/gcc/aarch64-apple-darwin23/16/finclude -o /var/folders/s6/5hzmn6lx4dz5nxs7k_0slzph0000gn/T//ccZk2co5.s
        GNU Fortran (Homebrew GCC 16.2.0) version 16.2.0 (aarch64-apple-darwin23)
        	compiled by GNU C version 16.2.0, GMP version 6.3.0, MPFR version 4.2.2, MPC version 1.4.1, isl version isl-0.28-GMP
        
        GGC heuristics: --param ggc-min-expand=100 --param ggc-min-heapsize=131072
        ignoring nonexistent directory "/opt/homebrew/Cellar/gcc/16.2.0/bin/../lib/gcc/current/gcc/aarch64-apple-darwin23/16/../../../../../../aarch64-apple-darwin23/include"
        ignoring duplicate directory "/opt/homebrew/Cellar/gcc/16.2.0/bin/../lib/gcc/current/gcc/../../../../lib/gcc/current/gcc/aarch64-apple-darwin23/16/include"
        ignoring nonexistent directory "/Library/Developer/CommandLineTools/SDKs/MacOSX14.sdk/usr/local/include"
        ignoring duplicate directory "/opt/homebrew/Cellar/gcc/16.2.0/bin/../lib/gcc/current/gcc/../../../../lib/gcc/current/gcc/aarch64-apple-darwin23/16/include-fixed"
        ignoring nonexistent directory "/opt/homebrew/Cellar/gcc/16.2.0/bin/../lib/gcc/current/gcc/../../../../lib/gcc/current/gcc/aarch64-apple-darwin23/16/../../../../../../aarch64-apple-darwin23/include"
        #include "..." search starts here:
        #include <...> search starts here:
         /opt/homebrew/Cellar/gcc/16.2.0/bin/../lib/gcc/current/gcc/aarch64-apple-darwin23/16/finclude
         /opt/homebrew/Cellar/gcc/16.2.0/bin/../lib/gcc/current/gcc/aarch64-apple-darwin23/16/include
         /opt/homebrew/Cellar/gcc/16.2.0/bin/../lib/gcc/current/gcc/aarch64-apple-darwin23/16/include-fixed
         /Library/Developer/CommandLineTools/SDKs/MacOSX14.sdk/usr/include
        End of search list.
        COLLECT_GCC_OPTIONS='-v' '-c' '-o' 'CMakeFiles/cmTC_4f806.dir/CMakeFortranCompilerABI.F90.o' '-mmacosx-version-min=14.0.0'  '-nodefaultexport' '-mcpu=apple-m1' '-mlittle-endian' '-mabi=lp64' '-dumpdir' 'CMakeFiles/cmTC_4f806.dir/'
         as -arch arm64 -v -mmacosx-version-min=14.0 -o CMakeFiles/cmTC_4f806.dir/CMakeFortranCompilerABI.F90.o /var/folders/s6/5hzmn6lx4dz5nxs7k_0slzph0000gn/T//ccZk2co5.s
        Apple clang version 15.0.0 (clang-1500.3.9.4)
        Target: arm64-apple-darwin23.6.0
        Thread model: posix
        InstalledDir: /Applications/Xcode_15.4.app/Contents/Developer/Toolchains/XcodeDefault.xctoolchain/usr/bin
         "/Applications/Xcode_15.4.app/Contents/Developer/Toolchains/XcodeDefault.xctoolchain/usr/bin/clang" -cc1as -triple arm64-apple-macosx14.0.0 -filetype obj -main-file-name ccZk2co5.s -target-cpu apple-m1 -target-feature +v8.5a -target-feature +crc -target-feature +lse -target-feature +rdm -target-feature +crypto -target-feature +dotprod -target-feature +fp-armv8 -target-feature +neon -target-feature +fp16fml -target-feature +ras -target-feature +rcpc -target-feature +zcm -target-feature +zcz -target-feature +fullfp16 -target-feature +sm4 -target-feature +sha3 -target-feature +sha2 -target-feature +aes -fdebug-compilation-dir=/Users/runner/work/aenet/aenet/build-l4/CMakeFiles/CMakeScratch/TryCompile-NoRCGw -dwarf-debug-producer "Apple clang version 15.0.0 (clang-1500.3.9.4)" -dwarf-version=4 -mrelocation-model pic --mrelax-relocations -mllvm -disable-aligned-alloc-awareness=1 -o CMakeFiles/cmTC_4f806.dir/CMakeFortranCompilerABI.F90.o /var/folders/s6/5hzmn6lx4dz5nxs7k_0slzph0000gn/T//ccZk2co5.s
        COMPILER_PATH=/opt/homebrew/Cellar/gcc/16.2.0/bin/../libexec/gcc/aarch64-apple-darwin23/16/:/opt/homebrew/Cellar/gcc/16.2.0/bin/../libexec/gcc/
        LIBRARY_PATH=/opt/homebrew/Cellar/gcc/16.2.0/bin/../lib/gcc/current/gcc/aarch64-apple-darwin23/16/:/opt/homebrew/Cellar/gcc/16.2.0/bin/../lib/gcc/current/gcc/:/opt/homebrew/Cellar/gcc/16.2.0/bin/../lib/gcc/current/gcc/aarch64-apple-darwin23/16/../../../
        COLLECT_GCC_OPTIONS='-v' '-c' '-o' 'CMakeFiles/cmTC_4f806.dir/CMakeFortranCompilerABI.F90.o' '-mmacosx-version-min=14.0.0'  '-nodefaultexport' '-mcpu=apple-m1' '-mlittle-endian' '-mabi=lp64' '-dumpdir' 'CMakeFiles/cmTC_4f806.dir/CMakeFortranCompilerABI.F90.'
        Linking Fortran executable cmTC_4f806
        /opt/homebrew/bin/cmake -E cmake_link_script CMakeFiles/cmTC_4f806.dir/link.txt --verbose=1
        Driving: /opt/homebrew/opt/gcc/bin/gfortran -lgomp -v -Wl,-v CMakeFiles/cmTC_4f806.dir/CMakeFortranCompilerABI.F90.o -o cmTC_4f806 -mmacosx-version-min=14.0.0 -asm_macosx_version_min=14.0 -nodefaultexport -l gfortran
        Using built-in specs.
        COLLECT_GCC=/opt/homebrew/opt/gcc/bin/gfortran
        COLLECT_LTO_WRAPPER=/opt/homebrew/Cellar/gcc/16.2.0/bin/../libexec/gcc/aarch64-apple-darwin23/16/lto-wrapper
        Target: aarch64-apple-darwin23
        Configured with: ../configure --prefix=/opt/homebrew/opt/gcc --libdir=/opt/homebrew/opt/gcc/lib/gcc/current --disable-nls --enable-checking=release --with-gcc-major-version-only --enable-languages=c,c++,objc,obj-c++,fortran --program-suffix=-16 --with-gmp=/opt/homebrew/opt/gmp --with-mpfr=/opt/homebrew/opt/mpfr --with-mpc=/opt/homebrew/opt/libmpc --with-isl=/opt/homebrew/opt/isl --with-zstd=/opt/homebrew/opt/zstd --with-pkgversion='Homebrew GCC 16.2.0' --with-bugurl=https://github.com/Homebrew/homebrew-core/issues --with-system-zlib --build=aarch64-apple-darwin23 --with-sysroot=/Library/Developer/CommandLineTools/SDKs/MacOSX14.sdk
        Thread model: posix
        Supported LTO compression algorithms: zlib zstd
        gcc version 16.2.0 (Homebrew GCC 16.2.0) 
        Reading specs from /opt/homebrew/Cellar/gcc/16.2.0/bin/../lib/gcc/current/gcc/aarch64-apple-darwin23/16/../../../libgfortran.spec
        rename spec lib to liborig
        COLLECT_GCC_OPTIONS='-v' '-o' 'cmTC_4f806' '-mmacosx-version-min=14.0.0' '-asm_macosx_version_min=14.0' '-nodefaultexport' '-mcpu=apple-m1' '-mlittle-endian' '-mabi=lp64' '-dumpdir' 'cmTC_4f806-'
        COMPILER_PATH=/opt/homebrew/Cellar/gcc/16.2.0/bin/../libexec/gcc/aarch64-apple-darwin23/16/:/opt/homebrew/Cellar/gcc/16.2.0/bin/../libexec/gcc/
        LIBRARY_PATH=/opt/homebrew/Cellar/gcc/16.2.0/bin/../lib/gcc/current/gcc/aarch64-apple-darwin23/16/:/opt/homebrew/Cellar/gcc/16.2.0/bin/../lib/gcc/current/gcc/:/opt/homebrew/Cellar/gcc/16.2.0/bin/../lib/gcc/current/gcc/aarch64-apple-darwin23/16/../../../
        COLLECT_GCC_OPTIONS='-v' '-o' 'cmTC_4f806' '-mmacosx-version-min=14.0.0' '-asm_macosx_version_min=14.0' '-nodefaultexport' '-mcpu=apple-m1' '-mlittle-endian' '-mabi=lp64' '-dumpdir' 'cmTC_4f806.'
         /opt/homebrew/Cellar/gcc/16.2.0/bin/../libexec/gcc/aarch64-apple-darwin23/16/collect2 -demangle -dynamic -arch arm64 -macos_version_min 14.0.0 -syslibroot /Library/Developer/CommandLineTools/SDKs/MacOSX14.sdk/ -o cmTC_4f806 -L/opt/homebrew/Cellar/gcc/16.2.0/bin/../lib/gcc/current/gcc/aarch64-apple-darwin23/16 -L/opt/homebrew/Cellar/gcc/16.2.0/bin/../lib/gcc/current/gcc -L/opt/homebrew/Cellar/gcc/16.2.0/bin/../lib/gcc/current/gcc/aarch64-apple-darwin23/16/../../.. -lemutls_w -lheapt_w -lgomp -v CMakeFiles/cmTC_4f806.dir/CMakeFortranCompilerABI.F90.o -lgfortran -lgcc -lquadmath -lSystem -no_compact_unwind -rpath @loader_path -rpath /opt/homebrew/Cellar/gcc/16.2.0/lib/gcc/current/gcc/aarch64-apple-darwin23/16 -rpath /opt/homebrew/Cellar/gcc/16.2.0/lib/gcc/current/gcc -rpath /opt/homebrew/Cellar/gcc/16.2.0/lib/gcc/current
        collect2 version 16.2.0
        /usr/bin/ld -demangle -dynamic -arch arm64 -macos_version_min 14.0.0 -syslibroot /Library/Developer/CommandLineTools/SDKs/MacOSX14.sdk/ -o cmTC_4f806 -L/opt/homebrew/Cellar/gcc/16.2.0/bin/../lib/gcc/current/gcc/aarch64-apple-darwin23/16 -L/opt/homebrew/Cellar/gcc/16.2.0/bin/../lib/gcc/current/gcc -L/opt/homebrew/Cellar/gcc/16.2.0/bin/../lib/gcc/current/gcc/aarch64-apple-darwin23/16/../../.. -lemutls_w -lheapt_w -lgomp -v CMakeFiles/cmTC_4f806.dir/CMakeFortranCompilerABI.F90.o -lgfortran -lgcc -lquadmath -lSystem -no_compact_unwind -rpath @loader_path -rpath /opt/homebrew/Cellar/gcc/16.2.0/lib/gcc/current/gcc/aarch64-apple-darwin23/16 -rpath /opt/homebrew/Cellar/gcc/16.2.0/lib/gcc/current/gcc -rpath /opt/homebrew/Cellar/gcc/16.2.0/lib/gcc/current
        @(#)PROGRAM:ld PROJECT:ld-1053.12
        BUILD 10:15:51 Mar 29 2024
        configured to support archs: armv6 armv7 armv7s arm64 arm64e arm64_32 i386 x86_64 x86_64h armv6m armv7k armv7m armv7em
        will use ld-classic for: armv6 armv7 armv7s arm64_32 i386 armv6m armv7k armv7m armv7em
        LTO support using: LLVM version 15.0.0 (static support for 29, runtime is 29)
        TAPI support using: Apple TAPI version 15.0.0 (tapi-1500.3.2.2)
        Library search paths:
        	/opt/homebrew/Cellar/gcc/16.2.0/lib/gcc/current/gcc/aarch64-apple-darwin23/16
        	/opt/homebrew/Cellar/gcc/16.2.0/lib/gcc/current/gcc
        	/opt/homebrew/Cellar/gcc/16.2.0/lib/gcc/current
        	/Library/Developer/CommandLineTools/SDKs/MacOSX14.sdk/usr/lib
        	/Library/Developer/CommandLineTools/SDKs/MacOSX14.sdk/usr/lib/swift
        Framework search paths:
        	/Library/Developer/CommandLineTools/SDKs/MacOSX14.sdk/System/Library/Frameworks
        /opt/homebrew/opt/gcc/bin/gfortran -lgomp -v -Wl,-v CMakeFiles/cmTC_4f806.dir/CMakeFortranCompilerABI.F90.o -o cmTC_4f806
        
      exitCode: 0
  -
    kind: "message-v1"
    backtrace:
      - "/opt/homebrew/share/cmake/Modules/CMakeDetermineCompilerABI.cmake:160 (message)"
      - "/opt/homebrew/share/cmake/Modules/CMakeTestFortranCompiler.cmake:20 (CMAKE_DETERMINE_COMPILER_ABI)"
      - "CMakeLists.txt:39 (project)"
    message: |
      Effective list of requested architectures (possibly empty)  : ""
      Effective list of architectures found in the ABI info binary: "arm64"
  -
    kind: "message-v1"
    backtrace:
      - "/opt/homebrew/share/cmake/Modules/CMakeDetermineCompilerABI.cmake:255 (message)"
      - "/opt/homebrew/share/cmake/Modules/CMakeTestFortranCompiler.cmake:20 (CMAKE_DETERMINE_COMPILER_ABI)"
      - "CMakeLists.txt:39 (project)"
    message: |
      Parsed Fortran implicit include dir info: rv=done
        found start of include info
        found start of implicit include info
          add: [/opt/homebrew/Cellar/gcc/16.2.0/bin/../lib/gcc/current/gcc/aarch64-apple-darwin23/16/finclude]
          add: [/opt/homebrew/Cellar/gcc/16.2.0/bin/../lib/gcc/current/gcc/aarch64-apple-darwin23/16/include]
          add: [/opt/homebrew/Cellar/gcc/16.2.0/bin/../lib/gcc/current/gcc/aarch64-apple-darwin23/16/include-fixed]
          add: [/Library/Developer/CommandLineTools/SDKs/MacOSX14.sdk/usr/include]
        end of search list found
        collapse include dir [/opt/homebrew/Cellar/gcc/16.2.0/bin/../lib/gcc/current/gcc/aarch64-apple-darwin23/16/finclude] ==> [/opt/homebrew/Cellar/gcc/16.2.0/lib/gcc/current/gcc/aarch64-apple-darwin23/16/finclude]
        collapse include dir [/opt/homebrew/Cellar/gcc/16.2.0/bin/../lib/gcc/current/gcc/aarch64-apple-darwin23/16/include] ==> [/opt/homebrew/Cellar/gcc/16.2.0/lib/gcc/current/gcc/aarch64-apple-darwin23/16/include]
        collapse include dir [/opt/homebrew/Cellar/gcc/16.2.0/bin/../lib/gcc/current/gcc/aarch64-apple-darwin23/16/include-fixed] ==> [/opt/homebrew/Cellar/gcc/16.2.0/lib/gcc/current/gcc/aarch64-apple-darwin23/16/include-fixed]
        collapse include dir [/Library/Developer/CommandLineTools/SDKs/MacOSX14.sdk/usr/include] ==> [/Library/Developer/CommandLineTools/SDKs/MacOSX14.sdk/usr/include]
        implicit include dirs: [/opt/homebrew/Cellar/gcc/16.2.0/lib/gcc/current/gcc/aarch64-apple-darwin23/16/finclude;/opt/homebrew/Cellar/gcc/16.2.0/lib/gcc/current/gcc/aarch64-apple-darwin23/16/include;/opt/homebrew/Cellar/gcc/16.2.0/lib/gcc/current/gcc/aarch64-apple-darwin23/16/include-fixed;/Library/Developer/CommandLineTools/SDKs/MacOSX14.sdk/usr/include]
      
      
  -
    kind: "message-v1"
    backtrace:
      - "/opt/homebrew/share/cmake/Modules/CMakeDetermineCompilerABI.cmake:291 (message)"
      - "/opt/homebrew/share/cmake/Modules/CMakeTestFortranCompiler.cmake:20 (CMAKE_DETERMINE_COMPILER_ABI)"
      - "CMakeLists.txt:39 (project)"
    message: |
      Parsed Fortran implicit link information:
        link line regex: [^( *|.*[/\\])(ld[0-9]*(|\\.[a-rt-z][a-z]*|\\.s[a-np-z][a-z]*|\\.so[a-z]+)|wild|CMAKE_LINK_STARTFILE-NOTFOUND|([^/\\]+-)?ld|collect2)[^/\\]*( |$)]
        linker tool regex: [^[ 	]*(->|"|[0-9]+>[ 	-]*Build:[ 	0-9]+ ms[ 	]*)?[ 	]*(([^"]*[/\\])?(ld[0-9]*(|\\.[a-rt-z][a-z]*|\\.s[a-np-z][a-z]*|\\.so[a-z]+)|wild))("|,| |$)]
        ignore line: [Change Dir: '/Users/runner/work/aenet/aenet/build-l4/CMakeFiles/CMakeScratch/TryCompile-NoRCGw']
        ignore line: []
        ignore line: [Run Build Command(s): /opt/homebrew/bin/cmake -E env VERBOSE=1 /usr/bin/make -f Makefile cmTC_4f806/fast]
        ignore line: [/Applications/Xcode_15.4.app/Contents/Developer/usr/bin/make  -f CMakeFiles/cmTC_4f806.dir/build.make CMakeFiles/cmTC_4f806.dir/build]
        ignore line: [Building Fortran object CMakeFiles/cmTC_4f806.dir/CMakeFortranCompilerABI.F90.o]
        ignore line: [/opt/homebrew/opt/gcc/bin/gfortran   -v -Wl -v -c /opt/homebrew/share/cmake/Modules/CMakeFortranCompilerABI.F90 -o CMakeFiles/cmTC_4f806.dir/CMakeFortranCompilerABI.F90.o]
        ignore line: [Using built-in specs.]
        ignore line: [COLLECT_GCC=/opt/homebrew/opt/gcc/bin/gfortran]
        ignore line: [Target: aarch64-apple-darwin23]
        ignore line: [Configured with: ../configure --prefix=/opt/homebrew/opt/gcc --libdir=/opt/homebrew/opt/gcc/lib/gcc/current --disable-nls --enable-checking=release --with-gcc-major-version-only --enable-languages=c c++ objc obj-c++ fortran --program-suffix=-16 --with-gmp=/opt/homebrew/opt/gmp --with-mpfr=/opt/homebrew/opt/mpfr --with-mpc=/opt/homebrew/opt/libmpc --with-isl=/opt/homebrew/opt/isl --with-zstd=/opt/homebrew/opt/zstd --with-pkgversion='Homebrew GCC 16.2.0' --with-bugurl=https://github.com/Homebrew/homebrew-core/issues --with-system-zlib --build=aarch64-apple-darwin23 --with-sysroot=/Library/Developer/CommandLineTools/SDKs/MacOSX14.sdk]
        ignore line: [Thread model: posix]
        ignore line: [Supported LTO compression algorithms: zlib zstd]
        ignore line: [gcc version 16.2.0 (Homebrew GCC 16.2.0) ]
        ignore line: [COLLECT_GCC_OPTIONS='-v' '-c' '-o' 'CMakeFiles/cmTC_4f806.dir/CMakeFortranCompilerABI.F90.o' '-mmacosx-version-min=14.0.0' '-asm_macosx_version_min=14.0' '-nodefaultexport' '-mcpu=apple-m1' '-mlittle-endian' '-mabi=lp64' '-dumpdir' 'CMakeFiles/cmTC_4f806.dir/']
        ignore line: [ /opt/homebrew/Cellar/gcc/16.2.0/bin/../libexec/gcc/aarch64-apple-darwin23/16/f951 /opt/homebrew/share/cmake/Modules/CMakeFortranCompilerABI.F90 -cpp=/var/folders/s6/5hzmn6lx4dz5nxs7k_0slzph0000gn/T//ccywLDdb.fii -quiet -v -iprefix /opt/homebrew/Cellar/gcc/16.2.0/bin/../lib/gcc/current/gcc/aarch64-apple-darwin23/16/ -D__DYNAMIC__ /opt/homebrew/share/cmake/Modules/CMakeFortranCompilerABI.F90 -fPIC -quiet -dumpdir CMakeFiles/cmTC_4f806.dir/ -dumpbase CMakeFortranCompilerABI.F90.F90 -dumpbase-ext .F90 -mmacosx-version-min=14.0.0 -mcpu=apple-m1 -mlittle-endian -mabi=lp64 -version -fintrinsic-modules-path /opt/homebrew/Cellar/gcc/16.2.0/bin/../lib/gcc/current/gcc/aarch64-apple-darwin23/16/finclude -o /var/folders/s6/5hzmn6lx4dz5nxs7k_0slzph0000gn/T//ccZk2co5.s]
        ignore line: [GNU Fortran (Homebrew GCC 16.2.0) version 16.2.0 (aarch64-apple-darwin23)]
        ignore line: [	compiled by GNU C version 16.2.0  GMP version 6.3.0  MPFR version 4.2.2  MPC version 1.4.1  isl version isl-0.28-GMP]
        ignore line: []
        ignore line: [GGC heuristics: --param ggc-min-expand=100 --param ggc-min-heapsize=131072]
        ignore line: [ignoring nonexistent directory "/opt/homebrew/Cellar/gcc/16.2.0/bin/../lib/gcc/current/gcc/aarch64-apple-darwin23/16/../../../../../../aarch64-apple-darwin23/include"]
        ignore line: [ignoring duplicate directory "/opt/homebrew/Cellar/gcc/16.2.0/bin/../lib/gcc/current/gcc/../../../../lib/gcc/current/gcc/aarch64-apple-darwin23/16/include"]
        ignore line: [ignoring nonexistent directory "/Library/Developer/CommandLineTools/SDKs/MacOSX14.sdk/usr/local/include"]
        ignore line: [ignoring duplicate directory "/opt/homebrew/Cellar/gcc/16.2.0/bin/../lib/gcc/current/gcc/../../../../lib/gcc/current/gcc/aarch64-apple-darwin23/16/include-fixed"]
        ignore line: [ignoring nonexistent directory "/opt/homebrew/Cellar/gcc/16.2.0/bin/../lib/gcc/current/gcc/../../../../lib/gcc/current/gcc/aarch64-apple-darwin23/16/../../../../../../aarch64-apple-darwin23/include"]
        ignore line: [#include "..." search starts here:]
        ignore line: [#include <...> search starts here:]
        ignore line: [ /opt/homebrew/Cellar/gcc/16.2.0/bin/../lib/gcc/current/gcc/aarch64-apple-darwin23/16/finclude]
        ignore line: [ /opt/homebrew/Cellar/gcc/16.2.0/bin/../lib/gcc/current/gcc/aarch64-apple-darwin23/16/include]
        ignore line: [ /opt/homebrew/Cellar/gcc/16.2.0/bin/../lib/gcc/current/gcc/aarch64-apple-darwin23/16/include-fixed]
        ignore line: [ /Library/Developer/CommandLineTools/SDKs/MacOSX14.sdk/usr/include]
        ignore line: [End of search list.]
        ignore line: [COLLECT_GCC_OPTIONS='-v' '-c' '-o' 'CMakeFiles/cmTC_4f806.dir/CMakeFortranCompilerABI.F90.o' '-mmacosx-version-min=14.0.0'  '-nodefaultexport' '-mcpu=apple-m1' '-mlittle-endian' '-mabi=lp64' '-dumpdir' 'CMakeFiles/cmTC_4f806.dir/']
        ignore line: [ as -arch arm64 -v -mmacosx-version-min=14.0 -o CMakeFiles/cmTC_4f806.dir/CMakeFortranCompilerABI.F90.o /var/folders/s6/5hzmn6lx4dz5nxs7k_0slzph0000gn/T//ccZk2co5.s]
        ignore line: [Apple clang version 15.0.0 (clang-1500.3.9.4)]
        ignore line: [Target: arm64-apple-darwin23.6.0]
        ignore line: [Thread model: posix]
        ignore line: [InstalledDir: /Applications/Xcode_15.4.app/Contents/Developer/Toolchains/XcodeDefault.xctoolchain/usr/bin]
        ignore line: [ "/Applications/Xcode_15.4.app/Contents/Developer/Toolchains/XcodeDefault.xctoolchain/usr/bin/clang" -cc1as -triple arm64-apple-macosx14.0.0 -filetype obj -main-file-name ccZk2co5.s -target-cpu apple-m1 -target-feature +v8.5a -target-feature +crc -target-feature +lse -target-feature +rdm -target-feature +crypto -target-feature +dotprod -target-feature +fp-armv8 -target-feature +neon -target-feature +fp16fml -target-feature +ras -target-feature +rcpc -target-feature +zcm -target-feature +zcz -target-feature +fullfp16 -target-feature +sm4 -target-feature +sha3 -target-feature +sha2 -target-feature +aes -fdebug-compilation-dir=/Users/runner/work/aenet/aenet/build-l4/CMakeFiles/CMakeScratch/TryCompile-NoRCGw -dwarf-debug-producer "Apple clang version 15.0.0 (clang-1500.3.9.4)" -dwarf-version=4 -mrelocation-model pic --mrelax-relocations -mllvm -disable-aligned-alloc-awareness=1 -o CMakeFiles/cmTC_4f806.dir/CMakeFortranCompilerABI.F90.o /var/folders/s6/5hzmn6lx4dz5nxs7k_0slzph0000gn/T//ccZk2co5.s]
        ignore line: [COMPILER_PATH=/opt/homebrew/Cellar/gcc/16.2.0/bin/../libexec/gcc/aarch64-apple-darwin23/16/:/opt/homebrew/Cellar/gcc/16.2.0/bin/../libexec/gcc/]
        ignore line: [LIBRARY_PATH=/opt/homebrew/Cellar/gcc/16.2.0/bin/../lib/gcc/current/gcc/aarch64-apple-darwin23/16/:/opt/homebrew/Cellar/gcc/16.2.0/bin/../lib/gcc/current/gcc/:/opt/homebrew/Cellar/gcc/16.2.0/bin/../lib/gcc/current/gcc/aarch64-apple-darwin23/16/../../../]
        ignore line: [COLLECT_GCC_OPTIONS='-v' '-c' '-o' 'CMakeFiles/cmTC_4f806.dir/CMakeFortranCompilerABI.F90.o' '-mmacosx-version-min=14.0.0'  '-nodefaultexport' '-mcpu=apple-m1' '-mlittle-endian' '-mabi=lp64' '-dumpdir' 'CMakeFiles/cmTC_4f806.dir/CMakeFortranCompilerABI.F90.']
        ignore line: [Linking Fortran executable cmTC_4f806]
        ignore line: [/opt/homebrew/bin/cmake -E cmake_link_script CMakeFiles/cmTC_4f806.dir/link.txt --verbose=1]
        ignore line: [Driving: /opt/homebrew/opt/gcc/bin/gfortran -lgomp -v -Wl -v CMakeFiles/cmTC_4f806.dir/CMakeFortranCompilerABI.F90.o -o cmTC_4f806 -mmacosx-version-min=14.0.0 -asm_macosx_version_min=14.0 -nodefaultexport -l gfortran]
        ignore line: [Using built-in specs.]
        ignore line: [COLLECT_GCC=/opt/homebrew/opt/gcc/bin/gfortran]
        ignore line: [COLLECT_LTO_WRAPPER=/opt/homebrew/Cellar/gcc/16.2.0/bin/../libexec/gcc/aarch64-apple-darwin23/16/lto-wrapper]
        ignore line: [Target: aarch64-apple-darwin23]
        ignore line: [Configured with: ../configure --prefix=/opt/homebrew/opt/gcc --libdir=/opt/homebrew/opt/gcc/lib/gcc/current --disable-nls --enable-checking=release --with-gcc-major-version-only --enable-languages=c c++ objc obj-c++ fortran --program-suffix=-16 --with-gmp=/opt/homebrew/opt/gmp --with-mpfr=/opt/homebrew/opt/mpfr --with-mpc=/opt/homebrew/opt/libmpc --with-isl=/opt/homebrew/opt/isl --with-zstd=/opt/homebrew/opt/zstd --with-pkgversion='Homebrew GCC 16.2.0' --with-bugurl=https://github.com/Homebrew/homebrew-core/issues --with-system-zlib --build=aarch64-apple-darwin23 --with-sysroot=/Library/Developer/CommandLineTools/SDKs/MacOSX14.sdk]
        ignore line: [Thread model: posix]
        ignore line: [Supported LTO compression algorithms: zlib zstd]
        ignore line: [gcc version 16.2.0 (Homebrew GCC 16.2.0) ]
        ignore line: [Reading specs from /opt/homebrew/Cellar/gcc/16.2.0/bin/../lib/gcc/current/gcc/aarch64-apple-darwin23/16/../../../libgfortran.spec]
        ignore line: [rename spec lib to liborig]
        ignore line: [COLLECT_GCC_OPTIONS='-v' '-o' 'cmTC_4f806' '-mmacosx-version-min=14.0.0' '-asm_macosx_version_min=14.0' '-nodefaultexport' '-mcpu=apple-m1' '-mlittle-endian' '-mabi=lp64' '-dumpdir' 'cmTC_4f806-']
        ignore line: [COMPILER_PATH=/opt/homebrew/Cellar/gcc/16.2.0/bin/../libexec/gcc/aarch64-apple-darwin23/16/:/opt/homebrew/Cellar/gcc/16.2.0/bin/../libexec/gcc/]
        ignore line: [LIBRARY_PATH=/opt/homebrew/Cellar/gcc/16.2.0/bin/../lib/gcc/current/gcc/aarch64-apple-darwin23/16/:/opt/homebrew/Cellar/gcc/16.2.0/bin/../lib/gcc/current/gcc/:/opt/homebrew/Cellar/gcc/16.2.0/bin/../lib/gcc/current/gcc/aarch64-apple-darwin23/16/../../../]
        ignore line: [COLLECT_GCC_OPTIONS='-v' '-o' 'cmTC_4f806' '-mmacosx-version-min=14.0.0' '-asm_macosx_version_min=14.0' '-nodefaultexport' '-mcpu=apple-m1' '-mlittle-endian' '-mabi=lp64' '-dumpdir' 'cmTC_4f806.']
        link line: [ /opt/homebrew/Cellar/gcc/16.2.0/bin/../libexec/gcc/aarch64-apple-darwin23/16/collect2 -demangle -dynamic -arch arm64 -macos_version_min 14.0.0 -syslibroot /Library/Developer/CommandLineTools/SDKs/MacOSX14.sdk/ -o cmTC_4f806 -L/opt/homebrew/Cellar/gcc/16.2.0/bin/../lib/gcc/current/gcc/aarch64-apple-darwin23/16 -L/opt/homebrew/Cellar/gcc/16.2.0/bin/../lib/gcc/current/gcc -L/opt/homebrew/Cellar/gcc/16.2.0/bin/../lib/gcc/current/gcc/aarch64-apple-darwin23/16/../../.. -lemutls_w -lheapt_w -lgomp -v CMakeFiles/cmTC_4f806.dir/CMakeFortranCompilerABI.F90.o -lgfortran -lgcc -lquadmath -lSystem -no_compact_unwind -rpath @loader_path -rpath /opt/homebrew/Cellar/gcc/16.2.0/lib/gcc/current/gcc/aarch64-apple-darwin23/16 -rpath /opt/homebrew/Cellar/gcc/16.2.0/lib/gcc/current/gcc -rpath /opt/homebrew/Cellar/gcc/16.2.0/lib/gcc/current]
          arg [/opt/homebrew/Cellar/gcc/16.2.0/bin/../libexec/gcc/aarch64-apple-darwin23/16/collect2] ==> ignore
          arg [-demangle] ==> ignore
          arg [-dynamic] ==> ignore
          arg [-arch] ==> ignore
          arg [arm64] ==> ignore
          arg [-macos_version_min] ==> ignore
          arg [14.0.0] ==> ignore
          arg [-syslibroot] ==> ignore
          arg [/Library/Developer/CommandLineTools/SDKs/MacOSX14.sdk/] ==> ignore
          arg [-o] ==> ignore
          arg [cmTC_4f806] ==> ignore
          arg [-L/opt/homebrew/Cellar/gcc/16.2.0/bin/../lib/gcc/current/gcc/aarch64-apple-darwin23/16] ==> dir [/opt/homebrew/Cellar/gcc/16.2.0/bin/../lib/gcc/current/gcc/aarch64-apple-darwin23/16]
          arg [-L/opt/homebrew/Cellar/gcc/16.2.0/bin/../lib/gcc/current/gcc] ==> dir [/opt/homebrew/Cellar/gcc/16.2.0/bin/../lib/gcc/current/gcc]
          arg [-L/opt/homebrew/Cellar/gcc/16.2.0/bin/../lib/gcc/current/gcc/aarch64-apple-darwin23/16/../../..] ==> dir [/opt/homebrew/Cellar/gcc/16.2.0/bin/../lib/gcc/current/gcc/aarch64-apple-darwin23/16/../../..]
          arg [-lemutls_w] ==> lib [emutls_w]
          arg [-lheapt_w] ==> lib [heapt_w]
          arg [-lgomp] ==> lib [gomp]
          arg [-v] ==> ignore
          arg [CMakeFiles/cmTC_4f806.dir/CMakeFortranCompilerABI.F90.o] ==> ignore
          arg [-lgfortran] ==> lib [gfortran]
          arg [-lgcc] ==> lib [gcc]
          arg [-lquadmath] ==> lib [quadmath]
          arg [-lSystem] ==> lib [System]
          arg [-no_compact_unwind] ==> ignore
          arg [-rpath] ==> ignore
          arg [@loader_path] ==> ignore
          arg [-rpath] ==> ignore
          arg [/opt/homebrew/Cellar/gcc/16.2.0/lib/gcc/current/gcc/aarch64-apple-darwin23/16] ==> ignore
          arg [-rpath] ==> ignore
          arg [/opt/homebrew/Cellar/gcc/16.2.0/lib/gcc/current/gcc] ==> ignore
          arg [-rpath] ==> ignore
          arg [/opt/homebrew/Cellar/gcc/16.2.0/lib/gcc/current] ==> ignore
        ignore line: [collect2 version 16.2.0]
        link line: [/usr/bin/ld -demangle -dynamic -arch arm64 -macos_version_min 14.0.0 -syslibroot /Library/Developer/CommandLineTools/SDKs/MacOSX14.sdk/ -o cmTC_4f806 -L/opt/homebrew/Cellar/gcc/16.2.0/bin/../lib/gcc/current/gcc/aarch64-apple-darwin23/16 -L/opt/homebrew/Cellar/gcc/16.2.0/bin/../lib/gcc/current/gcc -L/opt/homebrew/Cellar/gcc/16.2.0/bin/../lib/gcc/current/gcc/aarch64-apple-darwin23/16/../../.. -lemutls_w -lheapt_w -lgomp -v CMakeFiles/cmTC_4f806.dir/CMakeFortranCompilerABI.F90.o -lgfortran -lgcc -lquadmath -lSystem -no_compact_unwind -rpath @loader_path -rpath /opt/homebrew/Cellar/gcc/16.2.0/lib/gcc/current/gcc/aarch64-apple-darwin23/16 -rpath /opt/homebrew/Cellar/gcc/16.2.0/lib/gcc/current/gcc -rpath /opt/homebrew/Cellar/gcc/16.2.0/lib/gcc/current] ==> linker [/usr/bin/ld]
        ignore line: [/usr/bin/ld -demangle -dynamic -arch arm64 -macos_version_min 14.0.0 -syslibroot /Library/Developer/CommandLineTools/SDKs/MacOSX14.sdk/ -o cmTC_4f806 -L/opt/homebrew/Cellar/gcc/16.2.0/bin/../lib/gcc/current/gcc/aarch64-apple-darwin23/16 -L/opt/homebrew/Cellar/gcc/16.2.0/bin/../lib/gcc/current/gcc -L/opt/homebrew/Cellar/gcc/16.2.0/bin/../lib/gcc/current/gcc/aarch64-apple-darwin23/16/../../.. -lemutls_w -lheapt_w -lgomp -v CMakeFiles/cmTC_4f806.dir/CMakeFortranCompilerABI.F90.o -lgfortran -lgcc -lquadmath -lSystem -no_compact_unwind -rpath @loader_path -rpath /opt/homebrew/Cellar/gcc/16.2.0/lib/gcc/current/gcc/aarch64-apple-darwin23/16 -rpath /opt/homebrew/Cellar/gcc/16.2.0/lib/gcc/current/gcc -rpath /opt/homebrew/Cellar/gcc/16.2.0/lib/gcc/current]
        linker tool for 'Fortran': /usr/bin/ld 
        Library search paths: [;/opt/homebrew/Cellar/gcc/16.2.0/lib/gcc/current/gcc/aarch64-apple-darwin23/16;/opt/homebrew/Cellar/gcc/16.2.0/lib/gcc/current/gcc;/opt/homebrew/Cellar/gcc/16.2.0/lib/gcc/current;/Library/Developer/CommandLineTools/SDKs/MacOSX14.sdk/usr/lib;/Library/Developer/CommandLineTools/SDKs/MacOSX14.sdk/usr/lib/swift]
        Framework search paths: [;/Library/Developer/CommandLineTools/SDKs/MacOSX14.sdk/System/Library/Frameworks]
        remove lib [System]
        collapse library dir [/opt/homebrew/Cellar/gcc/16.2.0/bin/../lib/gcc/current/gcc/aarch64-apple-darwin23/16] ==> [/opt/homebrew/Cellar/gcc/16.2.0/lib/gcc/current/gcc/aarch64-apple-darwin23/16]
        collapse library dir [/opt/homebrew/Cellar/gcc/16.2.0/bin/../lib/gcc/current/gcc] ==> [/opt/homebrew/Cellar/gcc/16.2.0/lib/gcc/current/gcc]
        collapse library dir [/opt/homebrew/Cellar/gcc/16.2.0/bin/../lib/gcc/current/gcc/aarch64-apple-darwin23/16/../../..] ==> [/opt/homebrew/Cellar/gcc/16.2.0/lib/gcc/current]
        collapse library dir [/opt/homebrew/Cellar/gcc/16.2.0/lib/gcc/current/gcc/aarch64-apple-darwin23/16] ==> [/opt/homebrew/Cellar/gcc/16.2.0/lib/gcc/current/gcc/aarch64-apple-darwin23/16]
        collapse library dir [/opt/homebrew/Cellar/gcc/16.2.0/lib/gcc/current/gcc] ==> [/opt/homebrew/Cellar/gcc/16.2.0/lib/gcc/current/gcc]
        collapse library dir [/opt/homebrew/Cellar/gcc/16.2.0/lib/gcc/current] ==> [/opt/homebrew/Cellar/gcc/16.2.0/lib/gcc/current]
        collapse library dir [/Library/Developer/CommandLineTools/SDKs/MacOSX14.sdk/usr/lib] ==> [/Library/Developer/CommandLineTools/SDKs/MacOSX14.sdk/usr/lib]
        collapse library dir [/Library/Developer/CommandLineTools/SDKs/MacOSX14.sdk/usr/lib/swift] ==> [/Library/Developer/CommandLineTools/SDKs/MacOSX14.sdk/usr/lib/swift]
        collapse framework dir [/Library/Developer/CommandLineTools/SDKs/MacOSX14.sdk/System/Library/Frameworks] ==> [/Library/Developer/CommandLineTools/SDKs/MacOSX14.sdk/System/Library/Frameworks]
        implicit libs: [emutls_w;heapt_w;gomp;gfortran;gcc;quadmath]
        implicit objs: []
        implicit dirs: [/opt/homebrew/Cellar/gcc/16.2.0/lib/gcc/current/gcc/aarch64-apple-darwin23/16;/opt/homebrew/Cellar/gcc/16.2.0/lib/gcc/current/gcc;/opt/homebrew/Cellar/gcc/16.2.0/lib/gcc/current;/Library/Developer/CommandLineTools/SDKs/MacOSX14.sdk/usr/lib;/Library/Developer/CommandLineTools/SDKs/MacOSX14.sdk/usr/lib/swift]
        implicit fwks: [/Library/Developer/CommandLineTools/SDKs/MacOSX14.sdk/System/Library/Frameworks]
      
      
  -
    kind: "message-v1"
    backtrace:
      - "/opt/homebrew/share/cmake/Modules/Internal/CMakeDetermineLinkerId.cmake:41 (message)"
      - "/opt/homebrew/share/cmake/Modules/CMakeDetermineCompilerABI.cmake:337 (cmake_determine_linker_id)"
      - "/opt/homebrew/share/cmake/Modules/CMakeTestFortranCompiler.cmake:20 (CMAKE_DETERMINE_COMPILER_ABI)"
      - "CMakeLists.txt:39 (project)"
    message: |
      Running the Fortran compiler's linker: "/usr/bin/ld" "-v"
      @(#)PROGRAM:ld PROJECT:ld-1053.12
      BUILD 10:15:51 Mar 29 2024
      configured to support archs: armv6 armv7 armv7s arm64 arm64e arm64_32 i386 x86_64 x86_64h armv6m armv7k armv7m armv7em
      will use ld-classic for: armv6 armv7 armv7s arm64_32 i386 armv6m armv7k armv7m armv7em
      LTO support using: LLVM version 15.0.0 (static support for 29, runtime is 29)
      TAPI support using: Apple TAPI version 15.0.0 (tapi-1500.3.2.2)
  -
    kind: "find-v1"
    backtrace:
      - "/opt/homebrew/share/cmake/Modules/CTest.cmake:171 (find_program)"
      - "CMakeLists.txt:41 (include)"
    mode: "program"
    variable: "GITCOMMAND"
    description: "Path to a program."
    settings:
      SearchFramework: "FIRST"
      SearchAppBundle: "FIRST"
      CMAKE_FIND_USE_CMAKE_PATH: true
      CMAKE_FIND_USE_CMAKE_ENVIRONMENT_PATH: true
      CMAKE_FIND_USE_SYSTEM_ENVIRONMENT_PATH: true
      CMAKE_FIND_USE_CMAKE_SYSTEM_PATH: true
      CMAKE_FIND_USE_INSTALL_PREFIX: true
    names:
      - "git"
    candidate_directories:
      - "/opt/homebrew/opt/openblas/bin/"
      - "/opt/homebrew/opt/openblas/sbin/"
      - "/opt/homebrew/opt/openblas/"
      - "/opt/homebrew/lib/ruby/gems/3.3.0/bin/"
      - "/opt/homebrew/opt/ruby@3.3/bin/"
      - "/Users/runner/.local/bin/"
      - "/opt/homebrew/bin/"
      - "/opt/homebrew/sbin/"
      - "/Users/runner/.cargo/bin/"
      - "/usr/local/opt/curl/bin/"
      - "/usr/local/bin/"
      - "/usr/local/sbin/"
      - "/Users/runner/bin/"
      - "/Users/runner/.yarn/bin/"
      - "/Users/runner/Library/Android/sdk/tools/"
      - "/Users/runner/Library/Android/sdk/platform-tools/"
      - "/Library/Frameworks/Python.framework/Versions/Current/bin/"
      - "/Library/Frameworks/Mono.framework/Versions/Current/Commands/"
      - "/usr/bin/"
      - "/bin/"
      - "/usr/sbin/"
      - "/sbin/"
      - "/Users/runner/.dotnet/tools/"
      - "/Applications/Xcode_15.4.app/Contents/Developer/Platforms/MacOSX.platform/Developer/SDKs/MacOSX.sdk/usr/bin/"
      - "/Applications/Xcode_15.4.app/Contents/Developer/Platforms/MacOSX.platform/Developer/SDKs/MacOSX.sdk/usr/sbin/"
      - "/Applications/Xcode_15.4.app/Contents/Developer/Platforms/MacOSX.platform/Developer/SDKs/MacOSX.sdk/usr/"
      - "/opt/homebrew/bin/"
      - "/opt/homebrew/sbin/"
      - "/opt/homebrew/"
      - "/Library/Developer/CommandLineTools/SDKs/MacOSX14.sdk/usr/bin/"
      - "/Library/Developer/CommandLineTools/SDKs/MacOSX14.sdk/usr/sbin/"
      - "/Library/Developer/CommandLineTools/SDKs/MacOSX14.sdk/usr/"
      - "/usr/local/bin/"
      - "/usr/local/sbin/"
      - "/usr/local/"
      - "/usr/bin/"
      - "/usr/sbin/"
      - "/usr/"
      - "/bin/"
      - "/sbin/"
      - "/usr/X11R6/bin/"
      - "/usr/X11R6/sbin/"
      - "/usr/X11R6/"
      - "/usr/pkg/bin/"
      - "/usr/pkg/sbin/"
      - "/usr/pkg/"
      - "/opt/bin/"
      - "/opt/sbin/"
      - "/opt/"
      - "/sw/bin/"
      - "/sw/sbin/"
      - "/sw/"
      - "/opt/local/bin/"
      - "/opt/local/sbin/"
      - "/opt/local/"
      - "/Applications/"
      - "/Applications/Xcode_15.4.app/Contents/Applications/"
      - "/Applications/Xcode_15.4.app/Contents/Developer/Applications/"
    searched_directories:
      - "/opt/homebrew/opt/openblas/bin/git"
      - "/opt/homebrew/opt/openblas/sbin/git"
      - "/opt/homebrew/opt/openblas/git"
      - "/opt/homebrew/lib/ruby/gems/3.3.0/bin/git"
      - "/opt/homebrew/opt/ruby@3.3/bin/git"
      - "/Users/runner/.local/bin/git"
    found: "/opt/homebrew/bin/git"
    search_context:
      CMAKE_PREFIX_PATH:
        - "/opt/homebrew/opt/openblas"
      ENV{PATH}:
        - "/opt/homebrew/lib/ruby/gems/3.3.0/bin"
        - "/opt/homebrew/opt/ruby@3.3/bin"
        - "/Users/runner/.local/bin"
        - "/opt/homebrew/bin"
        - "/opt/homebrew/sbin"
        - "/Users/runner/.cargo/bin"
        - "/usr/local/opt/curl/bin"
        - "/usr/local/bin"
        - "/usr/local/sbin"
        - "/Users/runner/bin"
        - "/Users/runner/.yarn/bin"
        - "/Users/runner/Library/Android/sdk/tools"
        - "/Users/runner/Library/Android/sdk/platform-tools"
        - "/Library/Frameworks/Python.framework/Versions/Current/bin"
        - "/Library/Frameworks/Mono.framework/Versions/Current/Commands"
        - "/usr/bin"
        - "/bin"
        - "/usr/sbin"
        - "/sbin"
        - "/Users/runner/.dotnet/tools"
      CMAKE_INSTALL_PREFIX: "/usr/local"
      CMAKE_SYSTEM_PREFIX_PATH:
        - "/Applications/Xcode_15.4.app/Contents/Developer/Platforms/MacOSX.platform/Developer/SDKs/MacOSX.sdk/usr"
        - "/opt/homebrew"
        - "/Library/Developer/CommandLineTools/SDKs/MacOSX14.sdk/usr"
        - "/usr/local"
        - "/usr"
        - "/"
        - "/opt/homebrew"
        - "/usr/local"
        - "/usr/X11R6"
        - "/usr/pkg"
        - "/opt"
        - "/sw"
        - "/opt/local"
      CMAKE_SYSTEM_APPBUNDLE_PATH:
        - "/Applications"
        - "/Applications/Xcode_15.4.app/Contents/Applications"
        - "/Applications/Xcode_15.4.app/Contents/Developer/Applications"
  -
    kind: "find-v1"
    backtrace:
      - "/opt/homebrew/share/cmake/Modules/CTest.cmake:188 (find_program)"
      - "CMakeLists.txt:41 (include)"
    mode: "program"
    variable: "MEMORYCHECK_COMMAND"
    description: "Path to the memory checking command, used for memory error detection."
    settings:
      SearchFramework: "FIRST"
      SearchAppBundle: "FIRST"
      CMAKE_FIND_USE_CMAKE_PATH: true
      CMAKE_FIND_USE_CMAKE_ENVIRONMENT_PATH: true
      CMAKE_FIND_USE_SYSTEM_ENVIRONMENT_PATH: true
      CMAKE_FIND_USE_CMAKE_SYSTEM_PATH: true
      CMAKE_FIND_USE_INSTALL_PREFIX: true
    names:
      - "purify"
      - "valgrind"
      - "boundscheck"
      - "drmemory"
      - "cuda-memcheck"
      - "compute-sanitizer"
    candidate_directories:
      - "/opt/homebrew/opt/openblas/bin/"
      - "/opt/homebrew/opt/openblas/sbin/"
      - "/opt/homebrew/opt/openblas/"
      - "/opt/homebrew/lib/ruby/gems/3.3.0/bin/"
      - "/opt/homebrew/opt/ruby@3.3/bin/"
      - "/Users/runner/.local/bin/"
      - "/opt/homebrew/bin/"
      - "/opt/homebrew/sbin/"
      - "/Users/runner/.cargo/bin/"
      - "/usr/local/opt/curl/bin/"
      - "/usr/local/bin/"
      - "/usr/local/sbin/"
      - "/Users/runner/bin/"
      - "/Users/runner/.yarn/bin/"
      - "/Users/runner/Library/Android/sdk/tools/"
      - "/Users/runner/Library/Android/sdk/platform-tools/"
      - "/Library/Frameworks/Python.framework/Versions/Current/bin/"
      - "/Library/Frameworks/Mono.framework/Versions/Current/Commands/"
      - "/usr/bin/"
      - "/bin/"
      - "/usr/sbin/"
      - "/sbin/"
      - "/Users/runner/.dotnet/tools/"
      - "/Applications/Xcode_15.4.app/Contents/Developer/Platforms/MacOSX.platform/Developer/SDKs/MacOSX.sdk/usr/bin/"
      - "/Applications/Xcode_15.4.app/Contents/Developer/Platforms/MacOSX.platform/Developer/SDKs/MacOSX.sdk/usr/sbin/"
      - "/Applications/Xcode_15.4.app/Contents/Developer/Platforms/MacOSX.platform/Developer/SDKs/MacOSX.sdk/usr/"
      - "/opt/homebrew/bin/"
      - "/opt/homebrew/sbin/"
      - "/opt/homebrew/"
      - "/Library/Developer/CommandLineTools/SDKs/MacOSX14.sdk/usr/bin/"
      - "/Library/Developer/CommandLineTools/SDKs/MacOSX14.sdk/usr/sbin/"
      - "/Library/Developer/CommandLineTools/SDKs/MacOSX14.sdk/usr/"
      - "/usr/local/bin/"
      - "/usr/local/sbin/"
      - "/usr/local/"
      - "/usr/bin/"
      - "/usr/sbin/"
      - "/usr/"
      - "/bin/"
      - "/sbin/"
      - "/usr/X11R6/bin/"
      - "/usr/X11R6/sbin/"
      - "/usr/X11R6/"
      - "/usr/pkg/bin/"
      - "/usr/pkg/sbin/"
      - "/usr/pkg/"
      - "/opt/bin/"
      - "/opt/sbin/"
      - "/opt/"
      - "/sw/bin/"
      - "/sw/sbin/"
      - "/sw/"
      - "/opt/local/bin/"
      - "/opt/local/sbin/"
      - "/opt/local/"
      - "/Applications/"
      - "/Applications/Xcode_15.4.app/Contents/Applications/"
      - "/Applications/Xcode_15.4.app/Contents/Developer/Applications/"
    searched_directories:
      - "/opt/homebrew/opt/openblas/bin/purify"
      - "/opt/homebrew/opt/openblas/sbin/purify"
      - "/opt/homebrew/opt/openblas/purify"
      - "/opt/homebrew/lib/ruby/gems/3.3.0/bin/purify"
      - "/opt/homebrew/opt/ruby@3.3/bin/purify"
      - "/Users/runner/.local/bin/purify"
      - "/opt/homebrew/bin/purify"
      - "/opt/homebrew/sbin/purify"
      - "/Users/runner/.cargo/bin/purify"
      - "/usr/local/opt/curl/bin/purify"
      - "/usr/local/bin/purify"
      - "/usr/local/sbin/purify"
      - "/Users/runner/bin/purify"
      - "/Users/runner/.yarn/bin/purify"
      - "/Users/runner/Library/Android/sdk/tools/purify"
      - "/Users/runner/Library/Android/sdk/platform-tools/purify"
      - "/Library/Frameworks/Python.framework/Versions/Current/bin/purify"
      - "/Library/Frameworks/Mono.framework/Versions/Current/Commands/purify"
      - "/usr/bin/purify"
      - "/bin/purify"
      - "/usr/sbin/purify"
      - "/sbin/purify"
      - "/Users/runner/.dotnet/tools/purify"
      - "/Applications/Xcode_15.4.app/Contents/Developer/Platforms/MacOSX.platform/Developer/SDKs/MacOSX.sdk/usr/bin/purify"
      - "/Applications/Xcode_15.4.app/Contents/Developer/Platforms/MacOSX.platform/Developer/SDKs/MacOSX.sdk/usr/sbin/purify"
      - "/Applications/Xcode_15.4.app/Contents/Developer/Platforms/MacOSX.platform/Developer/SDKs/MacOSX.sdk/usr/purify"
      - "/opt/homebrew/bin/purify"
      - "/opt/homebrew/sbin/purify"
      - "/opt/homebrew/purify"
      - "/Library/Developer/CommandLineTools/SDKs/MacOSX14.sdk/usr/bin/purify"
      - "/Library/Developer/CommandLineTools/SDKs/MacOSX14.sdk/usr/sbin/purify"
      - "/Library/Developer/CommandLineTools/SDKs/MacOSX14.sdk/usr/purify"
      - "/usr/local/bin/purify"
      - "/usr/local/sbin/purify"
      - "/usr/local/purify"
      - "/usr/bin/purify"
      - "/usr/sbin/purify"
      - "/usr/purify"
      - "/bin/purify"
      - "/sbin/purify"
      - "/usr/X11R6/bin/purify"
      - "/usr/X11R6/sbin/purify"
      - "/usr/X11R6/purify"
      - "/usr/pkg/bin/purify"
      - "/usr/pkg/sbin/purify"
      - "/usr/pkg/purify"
      - "/opt/bin/purify"
      - "/opt/sbin/purify"
      - "/opt/purify"
      - "/sw/bin/purify"
      - "/sw/sbin/purify"
      - "/sw/purify"
      - "/opt/local/bin/purify"
      - "/opt/local/sbin/purify"
      - "/opt/local/purify"
      - "/Applications/purify"
      - "/Applications/Xcode_15.4.app/Contents/Applications/purify"
      - "/Applications/Xcode_15.4.app/Contents/Developer/Applications/purify"
      - "/opt/homebrew/opt/openblas/bin/valgrind"
      - "/opt/homebrew/opt/openblas/sbin/valgrind"
      - "/opt/homebrew/opt/openblas/valgrind"
      - "/opt/homebrew/lib/ruby/gems/3.3.0/bin/valgrind"
      - "/opt/homebrew/opt/ruby@3.3/bin/valgrind"
      - "/Users/runner/.local/bin/valgrind"
      - "/opt/homebrew/bin/valgrind"
      - "/opt/homebrew/sbin/valgrind"
      - "/Users/runner/.cargo/bin/valgrind"
      - "/usr/local/opt/curl/bin/valgrind"
      - "/usr/local/bin/valgrind"
      - "/usr/local/sbin/valgrind"
      - "/Users/runner/bin/valgrind"
      - "/Users/runner/.yarn/bin/valgrind"
      - "/Users/runner/Library/Android/sdk/tools/valgrind"
      - "/Users/runner/Library/Android/sdk/platform-tools/valgrind"
      - "/Library/Frameworks/Python.framework/Versions/Current/bin/valgrind"
      - "/Library/Frameworks/Mono.framework/Versions/Current/Commands/valgrind"
      - "/usr/bin/valgrind"
      - "/bin/valgrind"
      - "/usr/sbin/valgrind"
      - "/sbin/valgrind"
      - "/Users/runner/.dotnet/tools/valgrind"
      - "/Applications/Xcode_15.4.app/Contents/Developer/Platforms/MacOSX.platform/Developer/SDKs/MacOSX.sdk/usr/bin/valgrind"
      - "/Applications/Xcode_15.4.app/Contents/Developer/Platforms/MacOSX.platform/Developer/SDKs/MacOSX.sdk/usr/sbin/valgrind"
      - "/Applications/Xcode_15.4.app/Contents/Developer/Platforms/MacOSX.platform/Developer/SDKs/MacOSX.sdk/usr/valgrind"
      - "/opt/homebrew/bin/valgrind"
      - "/opt/homebrew/sbin/valgrind"
      - "/opt/homebrew/valgrind"
      - "/Library/Developer/CommandLineTools/SDKs/MacOSX14.sdk/usr/bin/valgrind"
      - "/Library/Developer/CommandLineTools/SDKs/MacOSX14.sdk/usr/sbin/valgrind"
      - "/Library/Developer/CommandLineTools/SDKs/MacOSX14.sdk/usr/valgrind"
      - "/usr/local/bin/valgrind"
      - "/usr/local/sbin/valgrind"
      - "/usr/local/valgrind"
      - "/usr/bin/valgrind"
      - "/usr/sbin/valgrind"
      - "/usr/valgrind"
      - "/bin/valgrind"
      - "/sbin/valgrind"
      - "/usr/X11R6/bin/valgrind"
      - "/usr/X11R6/sbin/valgrind"
      - "/usr/X11R6/valgrind"
      - "/usr/pkg/bin/valgrind"
      - "/usr/pkg/sbin/valgrind"
      - "/usr/pkg/valgrind"
      - "/opt/bin/valgrind"
      - "/opt/sbin/valgrind"
      - "/opt/valgrind"
      - "/sw/bin/valgrind"
      - "/sw/sbin/valgrind"
      - "/sw/valgrind"
      - "/opt/local/bin/valgrind"
      - "/opt/local/sbin/valgrind"
      - "/opt/local/valgrind"
      - "/Applications/valgrind"
      - "/Applications/Xcode_15.4.app/Contents/Applications/valgrind"
      - "/Applications/Xcode_15.4.app/Contents/Developer/Applications/valgrind"
      - "/opt/homebrew/opt/openblas/bin/boundscheck"
      - "/opt/homebrew/opt/openblas/sbin/boundscheck"
      - "/opt/homebrew/opt/openblas/boundscheck"
      - "/opt/homebrew/lib/ruby/gems/3.3.0/bin/boundscheck"
      - "/opt/homebrew/opt/ruby@3.3/bin/boundscheck"
      - "/Users/runner/.local/bin/boundscheck"
      - "/opt/homebrew/bin/boundscheck"
      - "/opt/homebrew/sbin/boundscheck"
      - "/Users/runner/.cargo/bin/boundscheck"
      - "/usr/local/opt/curl/bin/boundscheck"
      - "/usr/local/bin/boundscheck"
      - "/usr/local/sbin/boundscheck"
      - "/Users/runner/bin/boundscheck"
      - "/Users/runner/.yarn/bin/boundscheck"
      - "/Users/runner/Library/Android/sdk/tools/boundscheck"
      - "/Users/runner/Library/Android/sdk/platform-tools/boundscheck"
      - "/Library/Frameworks/Python.framework/Versions/Current/bin/boundscheck"
      - "/Library/Frameworks/Mono.framework/Versions/Current/Commands/boundscheck"
      - "/usr/bin/boundscheck"
      - "/bin/boundscheck"
      - "/usr/sbin/boundscheck"
      - "/sbin/boundscheck"
      - "/Users/runner/.dotnet/tools/boundscheck"
      - "/Applications/Xcode_15.4.app/Contents/Developer/Platforms/MacOSX.platform/Developer/SDKs/MacOSX.sdk/usr/bin/boundscheck"
      - "/Applications/Xcode_15.4.app/Contents/Developer/Platforms/MacOSX.platform/Developer/SDKs/MacOSX.sdk/usr/sbin/boundscheck"
      - "/Applications/Xcode_15.4.app/Contents/Developer/Platforms/MacOSX.platform/Developer/SDKs/MacOSX.sdk/usr/boundscheck"
      - "/opt/homebrew/bin/boundscheck"
      - "/opt/homebrew/sbin/boundscheck"
      - "/opt/homebrew/boundscheck"
      - "/Library/Developer/CommandLineTools/SDKs/MacOSX14.sdk/usr/bin/boundscheck"
      - "/Library/Developer/CommandLineTools/SDKs/MacOSX14.sdk/usr/sbin/boundscheck"
      - "/Library/Developer/CommandLineTools/SDKs/MacOSX14.sdk/usr/boundscheck"
      - "/usr/local/bin/boundscheck"
      - "/usr/local/sbin/boundscheck"
      - "/usr/local/boundscheck"
      - "/usr/bin/boundscheck"
      - "/usr/sbin/boundscheck"
      - "/usr/boundscheck"
      - "/bin/boundscheck"
      - "/sbin/boundscheck"
      - "/usr/X11R6/bin/boundscheck"
      - "/usr/X11R6/sbin/boundscheck"
      - "/usr/X11R6/boundscheck"
      - "/usr/pkg/bin/boundscheck"
      - "/usr/pkg/sbin/boundscheck"
      - "/usr/pkg/boundscheck"
      - "/opt/bin/boundscheck"
      - "/opt/sbin/boundscheck"
      - "/opt/boundscheck"
      - "/sw/bin/boundscheck"
      - "/sw/sbin/boundscheck"
      - "/sw/boundscheck"
      - "/opt/local/bin/boundscheck"
      - "/opt/local/sbin/boundscheck"
      - "/opt/local/boundscheck"
      - "/Applications/boundscheck"
      - "/Applications/Xcode_15.4.app/Contents/Applications/boundscheck"
      - "/Applications/Xcode_15.4.app/Contents/Developer/Applications/boundscheck"
      - "/opt/homebrew/opt/openblas/bin/drmemory"
      - "/opt/homebrew/opt/openblas/sbin/drmemory"
      - "/opt/homebrew/opt/openblas/drmemory"
      - "/opt/homebrew/lib/ruby/gems/3.3.0/bin/drmemory"
      - "/opt/homebrew/opt/ruby@3.3/bin/drmemory"
      - "/Users/runner/.local/bin/drmemory"
      - "/opt/homebrew/bin/drmemory"
      - "/opt/homebrew/sbin/drmemory"
      - "/Users/runner/.cargo/bin/drmemory"
      - "/usr/local/opt/curl/bin/drmemory"
      - "/usr/local/bin/drmemory"
      - "/usr/local/sbin/drmemory"
      - "/Users/runner/bin/drmemory"
      - "/Users/runner/.yarn/bin/drmemory"
      - "/Users/runner/Library/Android/sdk/tools/drmemory"
      - "/Users/runner/Library/Android/sdk/platform-tools/drmemory"
      - "/Library/Frameworks/Python.framework/Versions/Current/bin/drmemory"
      - "/Library/Frameworks/Mono.framework/Versions/Current/Commands/drmemory"
      - "/usr/bin/drmemory"
      - "/bin/drmemory"
      - "/usr/sbin/drmemory"
      - "/sbin/drmemory"
      - "/Users/runner/.dotnet/tools/drmemory"
      - "/Applications/Xcode_15.4.app/Contents/Developer/Platforms/MacOSX.platform/Developer/SDKs/MacOSX.sdk/usr/bin/drmemory"
      - "/Applications/Xcode_15.4.app/Contents/Developer/Platforms/MacOSX.platform/Developer/SDKs/MacOSX.sdk/usr/sbin/drmemory"
      - "/Applications/Xcode_15.4.app/Contents/Developer/Platforms/MacOSX.platform/Developer/SDKs/MacOSX.sdk/usr/drmemory"
      - "/opt/homebrew/bin/drmemory"
      - "/opt/homebrew/sbin/drmemory"
      - "/opt/homebrew/drmemory"
      - "/Library/Developer/CommandLineTools/SDKs/MacOSX14.sdk/usr/bin/drmemory"
      - "/Library/Developer/CommandLineTools/SDKs/MacOSX14.sdk/usr/sbin/drmemory"
      - "/Library/Developer/CommandLineTools/SDKs/MacOSX14.sdk/usr/drmemory"
      - "/usr/local/bin/drmemory"
      - "/usr/local/sbin/drmemory"
      - "/usr/local/drmemory"
      - "/usr/bin/drmemory"
      - "/usr/sbin/drmemory"
      - "/usr/drmemory"
      - "/bin/drmemory"
      - "/sbin/drmemory"
      - "/usr/X11R6/bin/drmemory"
      - "/usr/X11R6/sbin/drmemory"
      - "/usr/X11R6/drmemory"
      - "/usr/pkg/bin/drmemory"
      - "/usr/pkg/sbin/drmemory"
      - "/usr/pkg/drmemory"
      - "/opt/bin/drmemory"
      - "/opt/sbin/drmemory"
      - "/opt/drmemory"
      - "/sw/bin/drmemory"
      - "/sw/sbin/drmemory"
      - "/sw/drmemory"
      - "/opt/local/bin/drmemory"
      - "/opt/local/sbin/drmemory"
      - "/opt/local/drmemory"
      - "/Applications/drmemory"
      - "/Applications/Xcode_15.4.app/Contents/Applications/drmemory"
      - "/Applications/Xcode_15.4.app/Contents/Developer/Applications/drmemory"
      - "/opt/homebrew/opt/openblas/bin/cuda-memcheck"
      - "/opt/homebrew/opt/openblas/sbin/cuda-memcheck"
      - "/opt/homebrew/opt/openblas/cuda-memcheck"
      - "/opt/homebrew/lib/ruby/gems/3.3.0/bin/cuda-memcheck"
      - "/opt/homebrew/opt/ruby@3.3/bin/cuda-memcheck"
      - "/Users/runner/.local/bin/cuda-memcheck"
      - "/opt/homebrew/bin/cuda-memcheck"
      - "/opt/homebrew/sbin/cuda-memcheck"
      - "/Users/runner/.cargo/bin/cuda-memcheck"
      - "/usr/local/opt/curl/bin/cuda-memcheck"
      - "/usr/local/bin/cuda-memcheck"
      - "/usr/local/sbin/cuda-memcheck"
      - "/Users/runner/bin/cuda-memcheck"
      - "/Users/runner/.yarn/bin/cuda-memcheck"
      - "/Users/runner/Library/Android/sdk/tools/cuda-memcheck"
      - "/Users/runner/Library/Android/sdk/platform-tools/cuda-memcheck"
      - "/Library/Frameworks/Python.framework/Versions/Current/bin/cuda-memcheck"
      - "/Library/Frameworks/Mono.framework/Versions/Current/Commands/cuda-memcheck"
      - "/usr/bin/cuda-memcheck"
      - "/bin/cuda-memcheck"
      - "/usr/sbin/cuda-memcheck"
      - "/sbin/cuda-memcheck"
      - "/Users/runner/.dotnet/tools/cuda-memcheck"
      - "/Applications/Xcode_15.4.app/Contents/Developer/Platforms/MacOSX.platform/Developer/SDKs/MacOSX.sdk/usr/bin/cuda-memcheck"
      - "/Applications/Xcode_15.4.app/Contents/Developer/Platforms/MacOSX.platform/Developer/SDKs/MacOSX.sdk/usr/sbin/cuda-memcheck"
      - "/Applications/Xcode_15.4.app/Contents/Developer/Platforms/MacOSX.platform/Developer/SDKs/MacOSX.sdk/usr/cuda-memcheck"
      - "/opt/homebrew/bin/cuda-memcheck"
      - "/opt/homebrew/sbin/cuda-memcheck"
      - "/opt/homebrew/cuda-memcheck"
      - "/Library/Developer/CommandLineTools/SDKs/MacOSX14.sdk/usr/bin/cuda-memcheck"
      - "/Library/Developer/CommandLineTools/SDKs/MacOSX14.sdk/usr/sbin/cuda-memcheck"
      - "/Library/Developer/CommandLineTools/SDKs/MacOSX14.sdk/usr/cuda-memcheck"
      - "/usr/local/bin/cuda-memcheck"
      - "/usr/local/sbin/cuda-memcheck"
      - "/usr/local/cuda-memcheck"
      - "/usr/bin/cuda-memcheck"
      - "/usr/sbin/cuda-memcheck"
      - "/usr/cuda-memcheck"
      - "/bin/cuda-memcheck"
      - "/sbin/cuda-memcheck"
      - "/usr/X11R6/bin/cuda-memcheck"
      - "/usr/X11R6/sbin/cuda-memcheck"
      - "/usr/X11R6/cuda-memcheck"
      - "/usr/pkg/bin/cuda-memcheck"
      - "/usr/pkg/sbin/cuda-memcheck"
      - "/usr/pkg/cuda-memcheck"
      - "/opt/bin/cuda-memcheck"
      - "/opt/sbin/cuda-memcheck"
      - "/opt/cuda-memcheck"
      - "/sw/bin/cuda-memcheck"
      - "/sw/sbin/cuda-memcheck"
      - "/sw/cuda-memcheck"
      - "/opt/local/bin/cuda-memcheck"
      - "/opt/local/sbin/cuda-memcheck"
      - "/opt/local/cuda-memcheck"
      - "/Applications/cuda-memcheck"
      - "/Applications/Xcode_15.4.app/Contents/Applications/cuda-memcheck"
      - "/Applications/Xcode_15.4.app/Contents/Developer/Applications/cuda-memcheck"
      - "/opt/homebrew/opt/openblas/bin/compute-sanitizer"
      - "/opt/homebrew/opt/openblas/sbin/compute-sanitizer"
      - "/opt/homebrew/opt/openblas/compute-sanitizer"
      - "/opt/homebrew/lib/ruby/gems/3.3.0/bin/compute-sanitizer"
      - "/opt/homebrew/opt/ruby@3.3/bin/compute-sanitizer"
      - "/Users/runner/.local/bin/compute-sanitizer"
      - "/opt/homebrew/bin/compute-sanitizer"
      - "/opt/homebrew/sbin/compute-sanitizer"
      - "/Users/runner/.cargo/bin/compute-sanitizer"
      - "/usr/local/opt/curl/bin/compute-sanitizer"
      - "/usr/local/bin/compute-sanitizer"
      - "/usr/local/sbin/compute-sanitizer"
      - "/Users/runner/bin/compute-sanitizer"
      - "/Users/runner/.yarn/bin/compute-sanitizer"
      - "/Users/runner/Library/Android/sdk/tools/compute-sanitizer"
      - "/Users/runner/Library/Android/sdk/platform-tools/compute-sanitizer"
      - "/Library/Frameworks/Python.framework/Versions/Current/bin/compute-sanitizer"
      - "/Library/Frameworks/Mono.framework/Versions/Current/Commands/compute-sanitizer"
      - "/usr/bin/compute-sanitizer"
      - "/bin/compute-sanitizer"
      - "/usr/sbin/compute-sanitizer"
      - "/sbin/compute-sanitizer"
      - "/Users/runner/.dotnet/tools/compute-sanitizer"
      - "/Applications/Xcode_15.4.app/Contents/Developer/Platforms/MacOSX.platform/Developer/SDKs/MacOSX.sdk/usr/bin/compute-sanitizer"
      - "/Applications/Xcode_15.4.app/Contents/Developer/Platforms/MacOSX.platform/Developer/SDKs/MacOSX.sdk/usr/sbin/compute-sanitizer"
      - "/Applications/Xcode_15.4.app/Contents/Developer/Platforms/MacOSX.platform/Developer/SDKs/MacOSX.sdk/usr/compute-sanitizer"
      - "/opt/homebrew/bin/compute-sanitizer"
      - "/opt/homebrew/sbin/compute-sanitizer"
      - "/opt/homebrew/compute-sanitizer"
      - "/Library/Developer/CommandLineTools/SDKs/MacOSX14.sdk/usr/bin/compute-sanitizer"
      - "/Library/Developer/CommandLineTools/SDKs/MacOSX14.sdk/usr/sbin/compute-sanitizer"
      - "/Library/Developer/CommandLineTools/SDKs/MacOSX14.sdk/usr/compute-sanitizer"
      - "/usr/local/bin/compute-sanitizer"
      - "/usr/local/sbin/compute-sanitizer"
      - "/usr/local/compute-sanitizer"
      - "/usr/bin/compute-sanitizer"
      - "/usr/sbin/compute-sanitizer"
      - "/usr/compute-sanitizer"
      - "/bin/compute-sanitizer"
      - "/sbin/compute-sanitizer"
      - "/usr/X11R6/bin/compute-sanitizer"
      - "/usr/X11R6/sbin/compute-sanitizer"
      - "/usr/X11R6/compute-sanitizer"
      - "/usr/pkg/bin/compute-sanitizer"
      - "/usr/pkg/sbin/compute-sanitizer"
      - "/usr/pkg/compute-sanitizer"
      - "/opt/bin/compute-sanitizer"
      - "/opt/sbin/compute-sanitizer"
      - "/opt/compute-sanitizer"
      - "/sw/bin/compute-sanitizer"
      - "/sw/sbin/compute-sanitizer"
      - "/sw/compute-sanitizer"
      - "/opt/local/bin/compute-sanitizer"
      - "/opt/local/sbin/compute-sanitizer"
      - "/opt/local/compute-sanitizer"
      - "/Applications/compute-sanitizer"
      - "/Applications/Xcode_15.4.app/Contents/Applications/compute-sanitizer"
      - "/Applications/Xcode_15.4.app/Contents/Developer/Applications/compute-sanitizer"
    found: false
    search_context:
      CMAKE_PREFIX_PATH:
        - "/opt/homebrew/opt/openblas"
      ENV{PATH}:
        - "/opt/homebrew/lib/ruby/gems/3.3.0/bin"
        - "/opt/homebrew/opt/ruby@3.3/bin"
        - "/Users/runner/.local/bin"
        - "/opt/homebrew/bin"
        - "/opt/homebrew/sbin"
        - "/Users/runner/.cargo/bin"
        - "/usr/local/opt/curl/bin"
        - "/usr/local/bin"
        - "/usr/local/sbin"
        - "/Users/runner/bin"
        - "/Users/runner/.yarn/bin"
        - "/Users/runner/Library/Android/sdk/tools"
        - "/Users/runner/Library/Android/sdk/platform-tools"
        - "/Library/Frameworks/Python.framework/Versions/Current/bin"
        - "/Library/Frameworks/Mono.framework/Versions/Current/Commands"
        - "/usr/bin"
        - "/bin"
        - "/usr/sbin"
        - "/sbin"
        - "/Users/runner/.dotnet/tools"
      CMAKE_INSTALL_PREFIX: "/usr/local"
      CMAKE_SYSTEM_PREFIX_PATH:
        - "/Applications/Xcode_15.4.app/Contents/Developer/Platforms/MacOSX.platform/Developer/SDKs/MacOSX.sdk/usr"
        - "/opt/homebrew"
        - "/Library/Developer/CommandLineTools/SDKs/MacOSX14.sdk/usr"
        - "/usr/local"
        - "/usr"
        - "/"
        - "/opt/homebrew"
        - "/usr/local"
        - "/usr/X11R6"
        - "/usr/pkg"
        - "/opt"
        - "/sw"
        - "/opt/local"
      CMAKE_SYSTEM_APPBUNDLE_PATH:
        - "/Applications"
        - "/Applications/Xcode_15.4.app/Contents/Applications"
        - "/Applications/Xcode_15.4.app/Contents/Developer/Applications"
  -
    kind: "find-v1"
    backtrace:
      - "/opt/homebrew/share/cmake/Modules/CTest.cmake:196 (find_program)"
      - "CMakeLists.txt:41 (include)"
    mode: "program"
    variable: "COVERAGE_COMMAND"
    description: "Path to the coverage program that CTest uses for performing coverage inspection"
    settings:
      SearchFramework: "FIRST"
      SearchAppBundle: "FIRST"
      CMAKE_FIND_USE_CMAKE_PATH: true
      CMAKE_FIND_USE_CMAKE_ENVIRONMENT_PATH: true
      CMAKE_FIND_USE_SYSTEM_ENVIRONMENT_PATH: true
      CMAKE_FIND_USE_CMAKE_SYSTEM_PATH: true
      CMAKE_FIND_USE_INSTALL_PREFIX: true
    names:
      - "gcov"
    candidate_directories:
      - "/opt/homebrew/opt/openblas/bin/"
      - "/opt/homebrew/opt/openblas/sbin/"
      - "/opt/homebrew/opt/openblas/"
      - "/opt/homebrew/lib/ruby/gems/3.3.0/bin/"
      - "/opt/homebrew/opt/ruby@3.3/bin/"
      - "/Users/runner/.local/bin/"
      - "/opt/homebrew/bin/"
      - "/opt/homebrew/sbin/"
      - "/Users/runner/.cargo/bin/"
      - "/usr/local/opt/curl/bin/"
      - "/usr/local/bin/"
      - "/usr/local/sbin/"
      - "/Users/runner/bin/"
      - "/Users/runner/.yarn/bin/"
      - "/Users/runner/Library/Android/sdk/tools/"
      - "/Users/runner/Library/Android/sdk/platform-tools/"
      - "/Library/Frameworks/Python.framework/Versions/Current/bin/"
      - "/Library/Frameworks/Mono.framework/Versions/Current/Commands/"
      - "/usr/bin/"
      - "/bin/"
      - "/usr/sbin/"
      - "/sbin/"
      - "/Users/runner/.dotnet/tools/"
      - "/Applications/Xcode_15.4.app/Contents/Developer/Platforms/MacOSX.platform/Developer/SDKs/MacOSX.sdk/usr/bin/"
      - "/Applications/Xcode_15.4.app/Contents/Developer/Platforms/MacOSX.platform/Developer/SDKs/MacOSX.sdk/usr/sbin/"
      - "/Applications/Xcode_15.4.app/Contents/Developer/Platforms/MacOSX.platform/Developer/SDKs/MacOSX.sdk/usr/"
      - "/opt/homebrew/bin/"
      - "/opt/homebrew/sbin/"
      - "/opt/homebrew/"
      - "/Library/Developer/CommandLineTools/SDKs/MacOSX14.sdk/usr/bin/"
      - "/Library/Developer/CommandLineTools/SDKs/MacOSX14.sdk/usr/sbin/"
      - "/Library/Developer/CommandLineTools/SDKs/MacOSX14.sdk/usr/"
      - "/usr/local/bin/"
      - "/usr/local/sbin/"
      - "/usr/local/"
      - "/usr/bin/"
      - "/usr/sbin/"
      - "/usr/"
      - "/bin/"
      - "/sbin/"
      - "/usr/X11R6/bin/"
      - "/usr/X11R6/sbin/"
      - "/usr/X11R6/"
      - "/usr/pkg/bin/"
      - "/usr/pkg/sbin/"
      - "/usr/pkg/"
      - "/opt/bin/"
      - "/opt/sbin/"
      - "/opt/"
      - "/sw/bin/"
      - "/sw/sbin/"
      - "/sw/"
      - "/opt/local/bin/"
      - "/opt/local/sbin/"
      - "/opt/local/"
      - "/Applications/"
      - "/Applications/Xcode_15.4.app/Contents/Applications/"
      - "/Applications/Xcode_15.4.app/Contents/Developer/Applications/"
    searched_directories:
      - "/opt/homebrew/opt/openblas/bin/gcov"
      - "/opt/homebrew/opt/openblas/sbin/gcov"
      - "/opt/homebrew/opt/openblas/gcov"
      - "/opt/homebrew/lib/ruby/gems/3.3.0/bin/gcov"
      - "/opt/homebrew/opt/ruby@3.3/bin/gcov"
      - "/Users/runner/.local/bin/gcov"
      - "/opt/homebrew/bin/gcov"
      - "/opt/homebrew/sbin/gcov"
      - "/Users/runner/.cargo/bin/gcov"
      - "/usr/local/opt/curl/bin/gcov"
      - "/usr/local/bin/gcov"
      - "/usr/local/sbin/gcov"
      - "/Users/runner/bin/gcov"
      - "/Users/runner/.yarn/bin/gcov"
      - "/Users/runner/Library/Android/sdk/tools/gcov"
      - "/Users/runner/Library/Android/sdk/platform-tools/gcov"
      - "/Library/Frameworks/Python.framework/Versions/Current/bin/gcov"
      - "/Library/Frameworks/Mono.framework/Versions/Current/Commands/gcov"
    found: "/usr/bin/gcov"
    search_context:
      CMAKE_PREFIX_PATH:
        - "/opt/homebrew/opt/openblas"
      ENV{PATH}:
        - "/opt/homebrew/lib/ruby/gems/3.3.0/bin"
        - "/opt/homebrew/opt/ruby@3.3/bin"
        - "/Users/runner/.local/bin"
        - "/opt/homebrew/bin"
        - "/opt/homebrew/sbin"
        - "/Users/runner/.cargo/bin"
        - "/usr/local/opt/curl/bin"
        - "/usr/local/bin"
        - "/usr/local/sbin"
        - "/Users/runner/bin"
        - "/Users/runner/.yarn/bin"
        - "/Users/runner/Library/Android/sdk/tools"
        - "/Users/runner/Library/Android/sdk/platform-tools"
        - "/Library/Frameworks/Python.framework/Versions/Current/bin"
        - "/Library/Frameworks/Mono.framework/Versions/Current/Commands"
        - "/usr/bin"
        - "/bin"
        - "/usr/sbin"
        - "/sbin"
        - "/Users/runner/.dotnet/tools"
      CMAKE_INSTALL_PREFIX: "/usr/local"
      CMAKE_SYSTEM_PREFIX_PATH:
        - "/Applications/Xcode_15.4.app/Contents/Developer/Platforms/MacOSX.platform/Developer/SDKs/MacOSX.sdk/usr"
        - "/opt/homebrew"
        - "/Library/Developer/CommandLineTools/SDKs/MacOSX14.sdk/usr"
        - "/usr/local"
        - "/usr"
        - "/"
        - "/opt/homebrew"
        - "/usr/local"
        - "/usr/X11R6"
        - "/usr/pkg"
        - "/opt"
        - "/sw"
        - "/opt/local"
      CMAKE_SYSTEM_APPBUNDLE_PATH:
        - "/Applications"
        - "/Applications/Xcode_15.4.app/Contents/Applications"
        - "/Applications/Xcode_15.4.app/Contents/Developer/Applications"
  -
    kind: "find-v1"
    backtrace:
      - "/opt/homebrew/share/cmake/Modules/FindBLAS.cmake:389 (find_library)"
      - "/opt/homebrew/share/cmake/Modules/FindBLAS.cmake:808 (check_blas_libraries)"
      - "src/CMakeLists.txt:127 (find_package)"
    mode: "library"
    variable: "BLAS_openblas_LIBRARY"
    description: "Path to a library."
    settings:
      SearchFramework: "FIRST"
      SearchAppBundle: "FIRST"
      CMAKE_FIND_USE_CMAKE_PATH: true
      CMAKE_FIND_USE_CMAKE_ENVIRONMENT_PATH: true
      CMAKE_FIND_USE_SYSTEM_ENVIRONMENT_PATH: true
      CMAKE_FIND_USE_CMAKE_SYSTEM_PATH: true
      CMAKE_FIND_USE_INSTALL_PREFIX: true
    names:
      - "openblas"
    candidate_directories:
      - "/opt/homebrew/opt/openblas/lib/"
      - "/opt/homebrew/opt/openblas/"
      - "/opt/homebrew/lib/ruby/gems/3.3.0/bin/"
      - "/opt/homebrew/opt/ruby@3.3/bin/"
      - "/opt/homebrew/bin/"
      - "/opt/homebrew/sbin/"
      - "/Users/runner/.cargo/bin/"
      - "/usr/local/bin/"
      - "/Users/runner/.yarn/bin/"
      - "/Users/runner/Library/Android/sdk/tools/"
      - "/Users/runner/Library/Android/sdk/platform-tools/"
      - "/Library/Frameworks/Python.framework/Versions/Current/bin/"
      - "/Library/Frameworks/Mono.framework/Versions/Current/Commands/"
      - "/usr/bin/"
      - "/bin/"
      - "/usr/sbin/"
      - "/sbin/"
      - "/Applications/Xcode_15.4.app/Contents/Developer/Platforms/MacOSX.platform/Developer/SDKs/MacOSX.sdk/usr/lib/"
      - "/Applications/Xcode_15.4.app/Contents/Developer/Platforms/MacOSX.platform/Developer/SDKs/MacOSX.sdk/usr/"
      - "/opt/homebrew/lib/"
      - "/opt/homebrew/"
      - "/Library/Developer/CommandLineTools/SDKs/MacOSX14.sdk/usr/lib/"
      - "/Library/Developer/CommandLineTools/SDKs/MacOSX14.sdk/usr/"
      - "/usr/local/"
      - "/usr/lib/"
      - "/usr/"
      - "/opt/"
      - "/Applications/Xcode_15.4.app/Contents/Developer/Platforms/MacOSX.platform/Developer/SDKs/MacOSX.sdk/System/Library/Frameworks/"
      - "/Applications/Xcode_15.4.app/Contents/Developer/Platforms/MacOSX.platform/Developer/Library/Frameworks/"
      - "/Applications/Xcode_15.4.app/Contents/Developer/Library/Frameworks/"
      - "/Library/Frameworks/"
      - "/System/Library/Frameworks/"
    found: "/opt/homebrew/opt/openblas/lib/libopenblas.a"
    search_context:
      CMAKE_PREFIX_PATH:
        - "/opt/homebrew/opt/openblas"
      ENV{PATH}:
        - "/opt/homebrew/lib/ruby/gems/3.3.0/bin"
        - "/opt/homebrew/opt/ruby@3.3/bin"
        - "/Users/runner/.local/bin"
        - "/opt/homebrew/bin"
        - "/opt/homebrew/sbin"
        - "/Users/runner/.cargo/bin"
        - "/usr/local/opt/curl/bin"
        - "/usr/local/bin"
        - "/usr/local/sbin"
        - "/Users/runner/bin"
        - "/Users/runner/.yarn/bin"
        - "/Users/runner/Library/Android/sdk/tools"
        - "/Users/runner/Library/Android/sdk/platform-tools"
        - "/Library/Frameworks/Python.framework/Versions/Current/bin"
        - "/Library/Frameworks/Mono.framework/Versions/Current/Commands"
        - "/usr/bin"
        - "/bin"
        - "/usr/sbin"
        - "/sbin"
        - "/Users/runner/.dotnet/tools"
      CMAKE_INSTALL_PREFIX: "/usr/local"
      CMAKE_SYSTEM_PREFIX_PATH:
        - "/Applications/Xcode_15.4.app/Contents/Developer/Platforms/MacOSX.platform/Developer/SDKs/MacOSX.sdk/usr"
        - "/opt/homebrew"
        - "/Library/Developer/CommandLineTools/SDKs/MacOSX14.sdk/usr"
        - "/usr/local"
        - "/usr"
        - "/"
        - "/opt/homebrew"
        - "/usr/local"
        - "/usr/X11R6"
        - "/usr/pkg"
        - "/opt"
        - "/sw"
        - "/opt/local"
      CMAKE_SYSTEM_LIBRARY_PATH:
        - "/usr/lib/X11"
      CMAKE_SYSTEM_FRAMEWORK_PATH:
        - "~/Library/Frameworks"
        - "/Applications/Xcode_15.4.app/Contents/Developer/Platforms/MacOSX.platform/Developer/SDKs/MacOSX.sdk/Library/Frameworks"
        - "/Applications/Xcode_15.4.app/Contents/Developer/Platforms/MacOSX.platform/Developer/SDKs/MacOSX.sdk/Network/Library/Frameworks"
        - "/Applications/Xcode_15.4.app/Contents/Developer/Platforms/MacOSX.platform/Developer/SDKs/MacOSX.sdk/System/Library/Frameworks"
        - "/Applications/Xcode_15.4.app/Contents/Developer/Platforms/MacOSX.platform/Developer/Library/Frameworks"
        - "/Applications/Xcode_15.4.app/Contents/Developer/Library/Frameworks"
        - "/Library/Frameworks"
        - "/Network/Library/Frameworks"
        - "/System/Library/Frameworks"
  -
    kind: "try_compile-v1"
    backtrace:
      - "/opt/homebrew/share/cmake/Modules/CheckFortranFunctionExists.cmake:121 (try_compile)"
      - "/opt/homebrew/share/cmake/Modules/FindBLAS.cmake:411 (check_fortran_function_exists)"
      - "/opt/homebrew/share/cmake/Modules/FindBLAS.cmake:808 (check_blas_libraries)"
      - "src/CMakeLists.txt:127 (find_package)"
    checks:
      - "Looking for Fortran sgemm"
    directories:
      source: "/Users/runner/work/aenet/aenet/build-l4/CMakeFiles/CMakeScratch/TryCompile-mny8w6"
      binary: "/Users/runner/work/aenet/aenet/build-l4/CMakeFiles/CMakeScratch/TryCompile-mny8w6"
    cmakeVariables:
      CMAKE_EXE_LINKER_FLAGS: "-lgomp"
      CMAKE_Fortran_FLAGS: ""
      CMAKE_Fortran_FLAGS_DEBUG: "-g -O0 -fcheck=all -fbacktrace -ffpe-trap=invalid,zero,overflow -fexternal-blas -pedantic -finit-real=snan -finit-integer=2147483647"
      CMAKE_OSX_ARCHITECTURES: ""
      CMAKE_OSX_DEPLOYMENT_TARGET: ""
      CMAKE_OSX_SYSROOT: ""
    buildResult:
      variable: "BLAS_openblas_WORKS"
      cached: true
      stdout: |
        Change Dir: '/Users/runner/work/aenet/aenet/build-l4/CMakeFiles/CMakeScratch/TryCompile-mny8w6'
        
        Run Build Command(s): /opt/homebrew/bin/cmake -E env VERBOSE=1 /usr/bin/make -f Makefile cmTC_17b83/fast
        /Applications/Xcode_15.4.app/Contents/Developer/usr/bin/make  -f CMakeFiles/cmTC_17b83.dir/build.make CMakeFiles/cmTC_17b83.dir/build
        Building Fortran object CMakeFiles/cmTC_17b83.dir/testFortranCompiler.f.o
        /opt/homebrew/opt/gcc/bin/gfortran    -c /Users/runner/work/aenet/aenet/build-l4/CMakeFiles/CMakeScratch/TryCompile-mny8w6/testFortranCompiler.f -o CMakeFiles/cmTC_17b83.dir/testFortranCompiler.f.o
        Linking Fortran executable cmTC_17b83
        /opt/homebrew/bin/cmake -E cmake_link_script CMakeFiles/cmTC_17b83.dir/link.txt --verbose=1
        Undefined symbols for architecture arm64:
          "___kmpc_for_static_fini", referenced from:
              _exec_blas.omp_outlined in libopenblas.a[1683](blas_server.o)
              _exec_blas.omp_outlined.1 in libopenblas.a[1683](blas_server.o)
          "___kmpc_for_static_init_8", referenced from:
              _exec_blas.omp_outlined in libopenblas.a[1683](blas_server.o)
              _exec_blas.omp_outlined.1 in libopenblas.a[1683](blas_server.o)
          "___kmpc_fork_call", referenced from:
              _exec_blas in libopenblas.a[1683](blas_server.o)
          "___kmpc_global_thread_num", referenced from:
              _exec_blas in libopenblas.a[1683](blas_server.o)
          "___kmpc_push_num_threads", referenced from:
              _exec_blas in libopenblas.a[1683](blas_server.o)
        ld: symbol(s) not found for architecture arm64
        collect2: error: ld returned 1 exit status
        /opt/homebrew/opt/gcc/bin/gfortran -lgomp  CMakeFiles/cmTC_17b83.dir/testFortranCompiler.f.o -o cmTC_17b83  /opt/homebrew/opt/openblas/lib/libopenblas.a
        make[1]: *** [cmTC_17b83] Error 1
        make: *** [cmTC_17b83/fast] Error 2
        
      exitCode: 2
...
